Spieltag,SpielID,Mannschaft,Name,Nummer,Tore,7m,7m Tore,Gelb,2min,Disqualification,Position,Home_Away
Spieltag 1,30059,TSV Wolfschlugen,Vanessa Schrag,5,0,0,0,0,0,0,Rückraum Links,home
Spieltag 1,30059,TSV Wolfschlugen,Miriam Massong,2,0,0,0,0,0,0,Linksaußen,home
Spieltag 1,30059,TSV Wolfschlugen,Jana Lorenz,4,0,0,0,0,0,0,Rückraum Links,home
Spieltag 1,30059,TSV Wolfschlugen,Jasmin Dirmeier,8,4,0,0,0,0,0,Kreisläufer,home
Spieltag 1,30059,TSV Wolfschlugen,Stephanie Frick,9,3,0,0,0,0,0,Linksaußen,home
Spieltag 1,30059,TSV Wolfschlugen,Antonia Amann,10,2,0,0,1,1,0,Rückraum Mitte,home
Spieltag 1,30059,TSV Wolfschlugen,Stefanie Ege,12,0,0,0,0,0,0,Torwart,home
Spieltag 1,30059,TSV Wolfschlugen,Mara Seitzer,11,6,0,0,0,0,0,Rückraum rechts,home
Spieltag 1,30059,TSV Wolfschlugen,Emmelie Beitlich,14,3,3,0,0,0,0,Rechtsaußen,home
Spieltag 1,30059,TSV Wolfschlugen,Melanie Kraiser,18,0,0,0,0,0,0,Torwart,home
Spieltag 1,30059,TSV Wolfschlugen,Harriet Seckinger,22,2,0,0,0,2,0,Rückraum rechts,home
Spieltag 1,30059,TSV Wolfschlugen,Lenya Treusch,27,3,0,0,1,0,0,Rückraum Links,home
Spieltag 1,30059,TSV Wolfschlugen,Sara Karwounopoulos,38,0,0,0,0,0,0,Kreisläufer,home
Spieltag 1,30059,TSV Wolfschlugen,Nina Vollmer,56,2,0,0,1,0,0,Rückraum Mitte,home
Spieltag 1,30059,TSV Wolfschlugen,Sina Stumpp,66,0,0,0,0,1,0,Rückraum Mitte,home
Spieltag 1,30059,TSV Haunstetten,Patricia Horner,6,5,0,0,1,0,0,Rückraum Mitte,away
Spieltag 1,30059,TSV Haunstetten,Anja Niebert,7,0,0,0,0,0,0,Rückraum Mitte,away
Spieltag 1,30059,TSV Haunstetten,Lea Walter,8,3,0,0,0,0,0,Kreisläufer,away
Spieltag 1,30059,TSV Haunstetten,Magdalena Frey,12,0,0,0,0,0,0,Torwart,away
Spieltag 1,30059,TSV Haunstetten,Chiara Joerss,14,0,0,0,0,1,0,Rückraum Links,away
Spieltag 1,30059,TSV Haunstetten,Lena Keßler,15,1,0,0,0,0,0,Linksaußen,away
Spieltag 1,30059,TSV Haunstetten,Michelle Schäfer,17,4,0,0,0,1,0,Linksaußen,away
Spieltag 1,30059,TSV Haunstetten,Sarah Irmler,18,6,3,0,1,2,0,Rückraum Links,away
Spieltag 1,30059,TSV Haunstetten,Anne Hänsel,19,0,0,0,1,0,0,Rückraum rechts,away
Spieltag 1,30059,TSV Haunstetten,Mona Hoffmann,20,0,0,0,0,1,0,Rückraum rechts,away
Spieltag 1,30059,TSV Haunstetten,Daniela Knöpfle,22,0,0,0,0,0,0,Kreisläufer,away
Spieltag 1,30059,TSV Haunstetten,Anne Kurstedt,23,0,0,0,0,0,0,Rückraum Links,away
Spieltag 1,30059,TSV Haunstetten,Pauline Driske,25,0,0,0,0,0,0,Rückraum Mitte,away
Spieltag 1,30059,TSV Haunstetten,Selina Schmid,94,0,0,0,0,0,0,Torwart,away
Spieltag 1,30059,TSV Haunstetten,Sabrina Albrecht,16,0,0,0,0,0,0,Torwart,away
Spieltag 1,30059,TSV Haunstetten,Sabrina Fischer,13,6,0,0,0,0,0,Rechtsaußen,away
Spieltag 1,30062,Sportverein Allensbach,Katja Allgaier,44,0,0,0,0,0,0,Rückraum rechts,home
Spieltag 1,30062,Sportverein Allensbach,Katharina Bok,11,0,0,0,0,0,0,Rückraum Mitte,home
Spieltag 1,30062,Sportverein Allensbach,Laura Epple,20,0,0,0,0,0,0,Linksaußen,home
Spieltag 1,30062,Sportverein Allensbach,Kimberly Gisa,13,2,0,0,0,1,0,Kreisläufer,home
Spieltag 1,30062,Sportverein Allensbach,Nadja Greinert,8,1,0,0,0,0,0,Rückraum rechts,home
Spieltag 1,30062,Sportverein Allensbach,Dovile Ilciukaite,88,6,3,0,1,0,0,Rückraum Mitte,home
Spieltag 1,30062,Sportverein Allensbach,Leonie Kuntz,71,0,0,0,0,0,0,Torwart,home
Spieltag 1,30062,Sportverein Allensbach,Sophie Leenen,99,0,0,0,0,0,0,Torwart,home
Spieltag 1,30062,Sportverein Allensbach,Tabea Maier,10,7,1,0,1,1,0,Rückraum Mitte,home
Spieltag 1,30062,Sportverein Allensbach,Hannah Person,3,2,0,0,0,0,0,Linksaußen,home
Spieltag 1,30062,Sportverein Allensbach,Greta Rinkeviciute,21,0,0,0,0,0,0,Linksaußen,home
Spieltag 1,30062,Sportverein Allensbach,Sarah Rothmund,4,2,0,0,0,0,0,Kreisläufer,home
Spieltag 1,30062,Sportverein Allensbach,Leonie Scholl,63,0,0,0,0,0,0,Rückraum Links,home
Spieltag 1,30062,Sportverein Allensbach,Laura Strosack,72,0,0,0,1,0,0,Rückraum Links,home
Spieltag 1,30062,Sportverein Allensbach,Julia von Kampen,17,1,0,0,0,1,0,Rechtsaußen,home
Spieltag 1,30062,Sportverein Allensbach,Julia Willauer,5,0,0,0,0,0,0,Rückraum Links,home
Spieltag 1,30062,HCD Gröbenzell,Theresa Bauer,12,0,0,0,0,0,0,Torwart,away
Spieltag 1,30062,HCD Gröbenzell,Jana Epple,34,3,3,0,1,0,0,Rückraum Links,away
Spieltag 1,30062,HCD Gröbenzell,Katrin Friedrich,7,1,0,0,1,1,0,Rückraum Mitte,away
Spieltag 1,30062,HCD Gröbenzell,Belen Gettwart,4,0,0,0,0,0,0,Kreisläufer,away
Spieltag 1,30062,HCD Gröbenzell,Christine Königsmann,14,9,0,0,1,0,0,Rückraum rechts,away
Spieltag 1,30062,HCD Gröbenzell,Johanna Leubner,15,0,0,0,0,0,0,Linksaußen,away
Spieltag 1,30062,HCD Gröbenzell,Beatice Mazzucco,2,4,0,0,0,0,0,Linksaußen,away
Spieltag 1,30062,HCD Gröbenzell,Ramona Nittel,17,3,0,0,0,0,0,Rechtsaußen,away
Spieltag 1,30062,HCD Gröbenzell,Verena Obermeier,19,1,0,0,0,1,0,Kreisläufer,away
Spieltag 1,30062,HCD Gröbenzell,Lisa Salvermoser,22,0,0,0,0,0,0,Linksaußen,away
Spieltag 1,30062,HCD Gröbenzell,Lydia Sölva,89,0,0,0,0,0,0,Torwart,away
Spieltag 1,30062,HCD Gröbenzell,Kirsten Walter,21,2,0,0,0,0,0,Rückraum rechts,away
Spieltag 1,30065,ESV 1927 Regensburg,Julia Drachsler,5,0,0,0,0,0,0,Kreisläufer,home
Spieltag 1,30065,ESV 1927 Regensburg,Isabell Toth,9,2,0,0,0,0,0,Rückraum Links,home
Spieltag 1,30065,ESV 1927 Regensburg,Carina Vetter,6,1,0,0,0,0,0,Rechtsaußen,home
Spieltag 1,30065,ESV 1927 Regensburg,Chiara Zellner,1,0,0,0,0,0,0,Torwart,home
Spieltag 1,30065,ESV 1927 Regensburg,Anna Fuhrmann,3,2,0,0,0,0,0,Rückraum Mitte,home
Spieltag 1,30065,ESV 1927 Regensburg,Dorothee Mooser,4,0,0,0,0,0,0,Kreisläufer,home
Spieltag 1,30065,ESV 1927 Regensburg,Franziska Peter,8,12,5,0,0,1,0,Rückraum rechts,home
Spieltag 1,30065,ESV 1927 Regensburg,Natascha Weber,11,4,0,0,0,0,0,Rückraum Mitte,home
Spieltag 1,30065,ESV 1927 Regensburg,Kristina Hurtova,12,0,0,0,0,0,0,Torwart,home
Spieltag 1,30065,ESV 1927 Regensburg,Amelie Bayerl,23,2,0,0,0,0,0,Rückraum Mitte,home
Spieltag 1,30065,ESV 1927 Regensburg,Sara Mustafic,13,3,0,0,0,0,0,Kreisläufer,home
Spieltag 1,30065,ESV 1927 Regensburg,Nicole Lederer,17,4,0,0,0,0,0,Rückraum Links,home
Spieltag 1,30065,ESV 1927 Regensburg,Andrea Vlackowa,25,2,0,0,1,1,0,Rückraum rechts,home
Spieltag 1,30065,TV Möglingen,Carina Kalmbach,9,3,0,0,1,2,0,Rückraum Mitte,away
Spieltag 1,30065,TV Möglingen,Katharina Blum,1,0,0,0,0,0,0,Torwart,away
Spieltag 1,30065,TV Möglingen,Franziska Fischer,2,3,0,0,0,0,0,Kreisläufer,away
Spieltag 1,30065,TV Möglingen,Anna Hauk,5,0,0,0,0,0,0,Rechtsaußen,away
Spieltag 1,30065,TV Möglingen,Sulamith Klein,7,5,2,0,0,0,0,Rückraum Links,away
Spieltag 1,30065,TV Möglingen,Theresa Fischer,8,0,0,0,0,0,0,Rückraum rechts,away
Spieltag 1,30065,TV Möglingen,Cornelia Langenberg,10,3,0,0,1,1,0,Rechtsaußen,away
Spieltag 1,30065,TV Möglingen,Anne Karpf,11,2,0,0,0,0,0,Kreisläufer,away
Spieltag 1,30065,TV Möglingen,Sarah Klatte,15,1,0,0,0,0,0,Linksaußen,away
Spieltag 1,30065,TV Möglingen,Franziska Kirsch,21,1,0,0,0,0,0,Linksaußen,away
Spieltag 1,30065,TV Möglingen,Jasmin Schweizer,22,0,0,0,0,0,0,Torwart,away
Spieltag 1,30065,TV Möglingen,Sophie Kübler,3,1,0,0,0,1,0,Rückraum Mitte,away
Spieltag 1,30065,TV Möglingen,Marina Maric,25,2,0,0,1,0,0,Rückraum Mitte,away
Spieltag 1,30068,TG 88 Pforzheim,Mareike Ast,21,1,0,0,1,0,0,Kreisläufer,home
Spieltag 1,30068,TG 88 Pforzheim,Claire Bäcker,12,0,0,0,0,0,0,Torwart,home
Spieltag 1,30068,TG 88 Pforzheim,Susanne Dohe,7,3,0,0,1,0,0,Rückraum rechts,home
Spieltag 1,30068,TG 88 Pforzheim,Laura Friedrich,10,1,0,0,0,0,0,Kreisläufer,home
Spieltag 1,30068,TG 88 Pforzheim,Mailyn Kaiser,86,1,0,0,0,0,0,Rückraum rechts,home
Spieltag 1,30068,TG 88 Pforzheim,Desiree Kolasinac,9,8,3,0,0,0,0,Rückraum Links,home
Spieltag 1,30068,TG 88 Pforzheim,Sarah Kraus,18,0,0,0,0,2,0,Rückraum Mitte,home
Spieltag 1,30068,TG 88 Pforzheim,Kristin Kurz,73,2,0,0,1,1,0,Linksaußen,home
Spieltag 1,30068,TG 88 Pforzheim,Arijana Pjano,8,0,0,0,0,0,0,Rückraum Links,home
Spieltag 1,30068,TG 88 Pforzheim,Nadine Sauerwald,37,0,0,0,0,0,0,Rechtsaußen,home
Spieltag 1,30068,TG 88 Pforzheim,Lisa Schwarz,16,0,0,0,0,0,0,Torwart,home
Spieltag 1,30068,TG 88 Pforzheim,Elena Sigloch,19,0,0,0,0,0,0,Rückraum Mitte,home
Spieltag 1,30068,TG 88 Pforzheim,Joana Tamara Spengler,3,1,0,0,0,0,0,Rechtsaußen,home
Spieltag 1,30068,TG 88 Pforzheim,Milica Vlahovic,11,6,0,0,0,0,0,Rückraum Mitte,home
Spieltag 1,30068,SG Schozach-Bottwartal,Anna Asmuth,55,5,2,0,0,1,0,Rechtsaußen,away
Spieltag 1,30068,SG Schozach-Bottwartal,Saskia Benz,13,0,0,0,0,0,0,Rückraum rechts,away
Spieltag 1,30068,SG Schozach-Bottwartal,Jana Brausch,99,0,0,0,0,0,0,Torwart,away
Spieltag 1,30068,SG Schozach-Bottwartal,Tanja Brunn,10,0,0,0,0,0,0,Kreisläufer,away
Spieltag 1,30068,SG Schozach-Bottwartal,Denise Geier,11,1,0,0,0,0,0,Rückraum Links,away
Spieltag 1,30068,SG Schozach-Bottwartal,Feride Günsoy,12,0,0,0,0,1,0,Kreisläufer,away
Spieltag 1,30068,SG Schozach-Bottwartal,Trixi Hanak,6,0,0,0,0,1,0,Rückraum rechts,away
Spieltag 1,30068,SG Schozach-Bottwartal,Hannah Hönig,3,0,0,0,0,0,0,Linksaußen,away
Spieltag 1,30068,SG Schozach-Bottwartal,Svenja Kaufmann,8,4,0,0,1,1,0,Rückraum Mitte,away
Spieltag 1,30068,SG Schozach-Bottwartal,Sina Klenk,15,6,4,0,1,0,0,Rückraum rechts,away
Spieltag 1,30068,SG Schozach-Bottwartal,Tabea Kraft,91,0,0,0,0,0,0,Torwart,away
Spieltag 1,30068,SG Schozach-Bottwartal,Eva Lang,18,0,0,0,1,0,0,Linksaußen,away
Spieltag 1,30068,SG Schozach-Bottwartal,Isabel Mangold,21,2,0,0,0,0,0,Rückraum Links,away
Spieltag 1,30068,SG Schozach-Bottwartal,Theresa Müller,7,3,0,0,0,0,0,Rückraum Mitte,away
Spieltag 1,30068,SG Schozach-Bottwartal,Luisa Riek,2,6,0,0,0,0,0,Rechtsaußen,away
Spieltag 1,30068,SG Schozach-Bottwartal,Cinja Wehe,17,2,0,0,0,1,0,Kreisläufer,away
Spieltag 1,30071,SG Kappelwindeck/Steinbach,Fitore Aliu,14,6,4,0,0,0,0,Rechtsaußen,home
Spieltag 1,30071,SG Kappelwindeck/Steinbach,Celine Baier,28,3,0,0,0,0,0,Rückraum Links,home
Spieltag 1,30071,SG Kappelwindeck/Steinbach,Olivia Blandl,96,0,0,0,0,0,0,Torwart,home
Spieltag 1,30071,SG Kappelwindeck/Steinbach,Anna Bönte,37,0,0,0,0,0,0,Kreisläufer,home
Spieltag 1,30071,SG Kappelwindeck/Steinbach,Zoe Bürger,78,0,0,0,0,0,0,Torwart,home
Spieltag 1,30071,SG Kappelwindeck/Steinbach,Nathalie Droll,8,1,0,0,0,0,0,Rückraum Links,home
Spieltag 1,30071,SG Kappelwindeck/Steinbach,Kathrin Gerspach,50,0,0,0,0,0,0,Defense Specialist,home
Spieltag 1,30071,SG Kappelwindeck/Steinbach,Janina Horn,26,2,0,0,0,1,0,Kreisläufer,home
Spieltag 1,30071,SG Kappelwindeck/Steinbach,Karla Höhne,15,4,0,0,0,0,0,Specialist,home
Spieltag 1,30071,SG Kappelwindeck/Steinbach,Janina Jülg,3,4,0,0,1,0,0,Rechtsaußen,home
Spieltag 1,30071,SG Kappelwindeck/Steinbach,Nadja Kaufmann,4,1,0,0,0,1,0,Linksaußen,home
Spieltag 1,30071,SG Kappelwindeck/Steinbach,Verena Keller,59,0,0,0,0,0,0,Rückraum rechts,home
Spieltag 1,30071,SG Kappelwindeck/Steinbach,Karen Klöpfer,5,0,0,0,0,2,0,Rückraum Mitte,home
Spieltag 1,30071,SG Kappelwindeck/Steinbach,Franziska Manz,9,3,0,0,0,1,0,Rückraum Mitte,home
Spieltag 1,30071,SG Kappelwindeck/Steinbach,Franka Riedl,51,2,0,0,1,0,0,Rückraum rechts,home
Spieltag 1,30071,SG Kappelwindeck/Steinbach,Svenja Wunsch,22,0,0,0,0,0,0,Torwart,home
Spieltag 1,30071,TuS Metzingen II,Meike Becker,17,2,0,0,0,0,0,Kreisläufer,away
Spieltag 1,30071,TuS Metzingen II,Ina Federschmidt,12,0,0,0,0,0,0,Torwart,away
Spieltag 1,30071,TuS Metzingen II,Jacqueline Kube,3,0,0,0,0,0,0,Kreisläufer,away
Spieltag 1,30071,TuS Metzingen II,Lisa Laux,6,2,0,0,0,0,0,Rechtsaußen,away
Spieltag 1,30071,TuS Metzingen II,Vivien Natalello,15,1,0,0,0,0,0,Kreisläufer,away
Spieltag 1,30071,TuS Metzingen II,Katarina Pandza,10,8,2,0,1,2,0,Rückraum Links,away
Spieltag 1,30071,TuS Metzingen II,Laetitia Quist,5,9,0,0,0,0,0,Rückraum rechts,away
Spieltag 1,30071,TuS Metzingen II,Ramona Rott,7,0,0,0,0,0,0,Linksaußen,away
Spieltag 1,30071,TuS Metzingen II,Rebecca Rott,14,6,1,0,0,1,0,Rückraum Mitte,away
Spieltag 1,30071,TuS Metzingen II,Lena Schmid,1,0,0,0,0,0,0,Torwart,away
Spieltag 1,30071,TuS Metzingen II,Nina Silva da Costa,13,1,0,0,0,0,0,Rechtsaußen,away
Spieltag 1,30071,TuS Metzingen II,Ronja Slawitsch,16,0,0,0,0,0,0,Rückraum Mitte,away
Spieltag 1,30071,TuS Metzingen II,Julia Symanzik,2,2,0,0,1,1,0,Linksaußen,away
Spieltag 1,30071,TuS Metzingen II,Saskia Wagner,11,3,0,0,0,0,0,Rückraum Mitte,away
Spieltag 1,30071,TuS Metzingen II,Meike Wurster,18,1,0,0,0,0,0,Linksaußen,away
Spieltag 1,30074,ASV Dachau,Laura Cuperus,16,0,0,0,0,0,0,Torwart,home
Spieltag 1,30074,ASV Dachau,Sarah Gramenz,19,3,2,0,1,0,0,Rückraum rechts,home
Spieltag 1,30074,ASV Dachau,Annika Hangleiter,1,0,0,0,0,0,0,Torwart,home
Spieltag 1,30074,ASV Dachau,Charleen Hansen,10,0,0,0,0,0,0,Rückraum Mitte,home
Spieltag 1,30074,ASV Dachau,Cornelia Karg,17,5,0,0,1,0,0,Rückraum Mitte,home
Spieltag 1,30074,ASV Dachau,Isabel Kattner,12,2,0,0,0,1,0,Kreisläufer,home
Spieltag 1,30074,ASV Dachau,Verena Kölzer,11,1,0,0,1,0,0,Rückraum rechts,home
Spieltag 1,30074,ASV Dachau,Thedora-Bianca Necula,9,0,0,0,0,0,0,Linksaußen,home
Spieltag 1,30074,ASV Dachau,Anna Rauh,21,1,0,0,0,0,0,Rechtsaußen,home
Spieltag 1,30074,ASV Dachau,Sarah Rocher,13,1,0,0,0,0,0,Kreisläufer,home
Spieltag 1,30074,ASV Dachau,Lisa Schneider,7,0,0,0,0,0,0,Linksaußen,home
Spieltag 1,30074,ASV Dachau,Celina Schwaiger,8,1,0,0,0,0,0,Rückraum Links,home
Spieltag 1,30074,ASV Dachau,Simone Unger,6,0,0,0,0,0,0,Rechtsaußen,home
Spieltag 1,30074,ASV Dachau,Alina Watzlowik,24,1,0,0,0,0,0,Rückraum Links,home
Spieltag 1,30074,ASV Dachau,Sarah Werthmüller,22,6,0,0,0,1,0,Rechtsaußen,home
Spieltag 1,30074,TV Nellingen,Leonie Strack,4,0,0,0,0,0,0,Rückraum Links,away
Spieltag 1,30074,TV Nellingen,Alicia Kiedaisch,5,0,0,0,0,0,0,Rückraum rechts,away
Spieltag 1,30074,TV Nellingen,Laura Dobler,6,0,0,0,1,0,0,Rechtsaußen,away
Spieltag 1,30074,TV Nellingen,Milana Vlahovic,9,0,0,0,0,0,0,Rechtsaußen,away
Spieltag 1,30074,TV Nellingen,Linda Leukert,11,3,1,0,0,0,0,Rückraum Mitte,away
Spieltag 1,30074,TV Nellingen,Chiara Baur,13,1,0,0,0,0,0,Rückraum Mitte,away
Spieltag 1,30074,TV Nellingen,Marlene Kriessler,19,1,0,0,0,0,0,Rückraum Links,away
Spieltag 1,30074,TV Nellingen,Hanna Hojczyk,22,3,0,0,0,1,0,Rückraum Links,away
Spieltag 1,30074,TV Nellingen,Leonie Dreizler,23,5,3,0,1,0,0,Kreisläufer,away
Spieltag 1,30074,TV Nellingen,Caroline Maier,47,3,2,0,1,0,0,Kreisläufer,away
Spieltag 1,30074,TV Nellingen,Sofia Geiß,55,0,0,0,0,0,0,Torwart,away
Spieltag 1,30074,TV Nellingen,Larissa Weiß,93,2,0,0,0,0,0,Linksaußen,away
Spieltag 1,30074,TV Nellingen,Stephanie Lukau,97,0,0,0,0,0,0,Torwart,away
Spieltag 2,30077,TV Nellingen,Leonie Strack,4,0,0,0,0,0,0,Rückraum Links,home
Spieltag 2,30077,TV Nellingen,Alicia Kiedaisch,5,0,0,0,0,0,0,Rückraum rechts,home
Spieltag 2,30077,TV Nellingen,Laura Dobler,6,0,0,0,0,0,0,Rechtsaußen,home
Spieltag 2,30077,TV Nellingen,Linda Leukert,11,5,3,0,1,0,0,Rückraum Mitte,home
Spieltag 2,30077,TV Nellingen,Chiara Baur,13,3,0,0,1,1,0,Rückraum Mitte,home
Spieltag 2,30077,TV Nellingen,Marlene Kriessler,19,0,0,0,0,0,0,Rückraum Links,home
Spieltag 2,30077,TV Nellingen,Hanna Hojczyk,22,2,0,0,0,2,0,Rückraum Links,home
Spieltag 2,30077,TV Nellingen,Leonie Dreizler,23,4,1,0,0,1,0,Kreisläufer,home
Spieltag 2,30077,TV Nellingen,Caroline Maier,47,2,0,0,1,0,0,Kreisläufer,home
Spieltag 2,30077,TV Nellingen,Sofia Geiß,55,0,0,0,0,0,0,Torwart,home
Spieltag 2,30077,TV Nellingen,Larissa Weiß,93,0,0,0,0,0,0,Linksaußen,home
Spieltag 2,30077,TV Nellingen,Stephanie Lukau,97,0,0,0,0,0,0,Torwart,home
Spieltag 2,30077,SG Kappelwindeck/Steinbach,Karen Klöpfer,5,6,2,0,0,1,0,Rückraum Mitte,away
Spieltag 2,30077,SG Kappelwindeck/Steinbach,Nadja Kaufmann,6,5,0,0,1,0,0,Linksaußen,away
Spieltag 2,30077,SG Kappelwindeck/Steinbach,Nathalie Droll,8,1,0,0,0,0,0,Rückraum Links,away
Spieltag 2,30077,SG Kappelwindeck/Steinbach,Franziska Manz,9,1,0,0,0,1,0,Torwart,away
Spieltag 2,30077,SG Kappelwindeck/Steinbach,Ariane Pfundstein,61,0,0,0,0,0,0,Kreisläufer,away
Spieltag 2,30077,SG Kappelwindeck/Steinbach,Fitore Aliu,14,6,0,0,1,0,0,Rechtsaußen,away
Spieltag 2,30077,SG Kappelwindeck/Steinbach,Karla Höhne,15,0,0,0,0,0,0,Specialist,away
Spieltag 2,30077,SG Kappelwindeck/Steinbach,Svenja Wunsch,22,0,0,0,0,0,0,Torwart,away
Spieltag 2,30077,SG Kappelwindeck/Steinbach,Janina Jülg,31,1,0,0,0,2,0,Rechtsaußen,away
Spieltag 2,30077,SG Kappelwindeck/Steinbach,Anna Bönte,37,2,0,0,1,0,0,Kreisläufer,away
Spieltag 2,30077,SG Kappelwindeck/Steinbach,Kathrin Gerspach,50,0,0,0,0,0,0,Defense Specialist,away
Spieltag 2,30077,SG Kappelwindeck/Steinbach,Franka Riedl,58,0,0,0,0,0,0,Rückraum rechts,away
Spieltag 2,30077,SG Kappelwindeck/Steinbach,Verena Keller,59,0,0,0,0,0,0,Rückraum rechts,away
Spieltag 2,30077,SG Kappelwindeck/Steinbach,Janina Horn,65,2,0,0,0,0,0,Kreisläufer,away
Spieltag 2,30077,SG Kappelwindeck/Steinbach,Zoe Bürger,78,0,0,0,0,0,0,Torwart,away
Spieltag 2,30077,SG Kappelwindeck/Steinbach,Olivia Blandl,96,0,0,0,0,0,0,Torwart,away
Spieltag 2,30080,TuS Metzingen II,Lena Schmid,1,0,0,0,0,0,0,Torwart,home
Spieltag 2,30080,TuS Metzingen II,Julia Symanzik,2,1,0,0,0,0,0,Linksaußen,home
Spieltag 2,30080,TuS Metzingen II,Jacqueline Kube,3,1,0,0,0,0,0,Kreisläufer,home
Spieltag 2,30080,TuS Metzingen II,Laetitia Quist,5,4,0,0,0,0,0,Rückraum rechts,home
Spieltag 2,30080,TuS Metzingen II,Ronja Slawitsch,16,0,0,0,0,0,0,Rückraum Mitte,home
Spieltag 2,30080,TuS Metzingen II,Lisa Laux,6,5,0,0,1,0,0,Rechtsaußen,home
Spieltag 2,30080,TuS Metzingen II,Ramona Rott,7,2,0,0,0,0,0,Linksaußen,home
Spieltag 2,30080,TuS Metzingen II,Katarina Pandza,10,9,4,0,0,1,0,Rückraum Links,home
Spieltag 2,30080,TuS Metzingen II,Nina Silva da Costa,13,1,0,0,0,1,0,Rechtsaußen,home
Spieltag 2,30080,TuS Metzingen II,Saskia Wagner,11,2,0,0,0,0,0,Rückraum Mitte,home
Spieltag 2,30080,TuS Metzingen II,Ina Federschmidt,12,0,0,0,0,0,0,Torwart,home
Spieltag 2,30080,TuS Metzingen II,Vivien Natalello,15,0,0,0,0,0,0,Kreisläufer,home
Spieltag 2,30080,TuS Metzingen II,Rebecca Rott,14,12,2,0,1,0,0,Rückraum Mitte,home
Spieltag 2,30080,TuS Metzingen II,Meike Wurster,18,0,0,0,0,0,0,Linksaußen,home
Spieltag 2,30080,TuS Metzingen II,Meike Becker,17,1,0,0,1,0,0,Kreisläufer,home
Spieltag 2,30080,TG 88 Pforzheim,Joana Tamara Spengler,5,3,0,0,0,0,0,Wing Player,away
Spieltag 2,30080,TG 88 Pforzheim,Susanne Dohe,7,2,0,0,1,1,0,Rückraum rechts,away
Spieltag 2,30080,TG 88 Pforzheim,Arijana Pjano,8,0,0,0,0,0,0,Rückraum Links,away
Spieltag 2,30080,TG 88 Pforzheim,Desiree Kolasinac,9,13,1,0,0,0,0,Rückraum Links,away
Spieltag 2,30080,TG 88 Pforzheim,Laura Friedrich,10,3,0,0,1,0,0,Kreisläufer,away
Spieltag 2,30080,TG 88 Pforzheim,Milica Vlahovic,11,2,0,0,0,0,0,Rückraum Mitte,away
Spieltag 2,30080,TG 88 Pforzheim,Claire Bäcker,12,0,0,0,0,0,0,Torwart,away
Spieltag 2,30080,TG 88 Pforzheim,Jasmin Scheid,1,0,0,0,0,0,0,Torwart,away
Spieltag 2,30080,TG 88 Pforzheim,Sarah Kraus,13,0,0,0,0,0,0,Rückraum Mitte,away
Spieltag 2,30080,TG 88 Pforzheim,Mailyn Kaiser,6,2,0,0,0,0,0,Rückraum rechts,away
Spieltag 2,30080,TG 88 Pforzheim,Patricia Hufnagel,21,0,0,0,0,0,0,Rückraum Mitte,away
Spieltag 2,30080,TG 88 Pforzheim,Mareike Ast,22,2,0,0,0,1,0,Kreisläufer,away
Spieltag 2,30080,TG 88 Pforzheim,Nadine Sauerwald,23,0,0,0,0,0,0,Rechtsaußen,away
Spieltag 2,30080,TG 88 Pforzheim,Kristin Kurz,73,1,0,0,0,0,0,Linksaußen,away
Spieltag 2,30083,SG Schozach-Bottwartal,Anna Asmuth,55,3,3,0,0,0,0,Rechtsaußen,home
Spieltag 2,30083,SG Schozach-Bottwartal,Saskia Benz,13,1,0,0,0,0,0,Rückraum rechts,home
Spieltag 2,30083,SG Schozach-Bottwartal,Jana Brausch,99,0,0,0,0,0,0,Torwart,home
Spieltag 2,30083,SG Schozach-Bottwartal,Tanja Brunn,10,3,0,0,0,0,0,Kreisläufer,home
Spieltag 2,30083,SG Schozach-Bottwartal,Denise Geier,11,6,0,0,0,0,0,Rückraum Links,home
Spieltag 2,30083,SG Schozach-Bottwartal,Feride Günsoy,12,0,0,0,0,0,0,Kreisläufer,home
Spieltag 2,30083,SG Schozach-Bottwartal,Svenja Kaufmann,8,3,0,0,0,2,0,Rückraum Mitte,home
Spieltag 2,30083,SG Schozach-Bottwartal,Rena Keller,1,0,0,0,0,0,0,Torwart,home
Spieltag 2,30083,SG Schozach-Bottwartal,Sina Klenk,15,1,0,0,1,0,0,Rückraum rechts,home
Spieltag 2,30083,SG Schozach-Bottwartal,Eva Lang,18,0,0,0,0,0,0,Linksaußen,home
Spieltag 2,30083,SG Schozach-Bottwartal,Isabel Mangold,21,0,0,0,0,0,0,Rückraum Links,home
Spieltag 2,30083,SG Schozach-Bottwartal,Theresa Müller,7,3,0,0,1,0,0,Rückraum Mitte,home
Spieltag 2,30083,SG Schozach-Bottwartal,Luisa Riek,2,4,0,0,0,0,0,Rechtsaußen,home
Spieltag 2,30083,SG Schozach-Bottwartal,Cinja Wehe,17,0,0,0,1,0,0,Kreisläufer,home
Spieltag 2,30083,SG Schozach-Bottwartal,Trixi Hanak,6,0,0,0,0,0,0,Rückraum rechts,home
Spieltag 2,30083,SG Schozach-Bottwartal,Hannah Hönig,3,0,0,0,0,0,0,Linksaußen,home
Spieltag 2,30083,ESV 1927 Regensburg,Amelie Bayerl,23,3,0,0,1,0,0,Rückraum Mitte,away
Spieltag 2,30083,ESV 1927 Regensburg,Julia Drachsler,5,2,0,0,0,0,0,Kreisläufer,away
Spieltag 2,30083,ESV 1927 Regensburg,Anna Fuhrmann,3,1,0,0,0,0,0,Rückraum Mitte,away
Spieltag 2,30083,ESV 1927 Regensburg,Kristina Hurtova,12,0,0,0,0,0,0,Torwart,away
Spieltag 2,30083,ESV 1927 Regensburg,Nicole Lederer,17,2,0,0,1,0,0,Rückraum Links,away
Spieltag 2,30083,ESV 1927 Regensburg,Dorothee Mooser,4,2,0,0,0,0,0,Kreisläufer,away
Spieltag 2,30083,ESV 1927 Regensburg,Franziska Peter,8,9,3,0,0,1,0,Rückraum rechts,away
Spieltag 2,30083,ESV 1927 Regensburg,Sophia Peter,18,0,0,0,0,0,0,Linksaußen,away
Spieltag 2,30083,ESV 1927 Regensburg,Isabell Toth,9,1,0,0,0,1,0,,away
Spieltag 2,30083,ESV 1927 Regensburg,Carina Vetter,6,0,0,0,0,0,0,Rechtsaußen,away
Spieltag 2,30083,ESV 1927 Regensburg,Andrea Vlackowa,25,1,0,0,0,0,0,Rückraum rechts,away
Spieltag 2,30083,ESV 1927 Regensburg,Natascha Weber,11,4,2,0,0,0,0,Rückraum Mitte,away
Spieltag 2,30083,ESV 1927 Regensburg,Chiara Zellner,1,0,0,0,0,0,0,Torwart,away
Spieltag 2,30086,TV Möglingen,Carina Kalmbach,9,4,0,0,1,1,0,Rückraum Mitte,home
Spieltag 2,30086,TV Möglingen,Jasmina Vrgovcevic,4,0,0,0,0,0,0,Rückraum rechts,home
Spieltag 2,30086,TV Möglingen,Katharina Blum,1,0,0,0,0,0,0,Torwart,home
Spieltag 2,30086,TV Möglingen,Franziska Fischer,2,4,0,0,1,0,0,Kreisläufer,home
Spieltag 2,30086,TV Möglingen,Anna Hauk,5,1,0,0,1,1,0,Rechtsaußen,home
Spieltag 2,30086,TV Möglingen,Sulamith Klein,7,6,1,0,0,0,0,Rückraum Links,home
Spieltag 2,30086,TV Möglingen,Cornelia Langenberg,10,4,0,0,0,0,0,Rechtsaußen,home
Spieltag 2,30086,TV Möglingen,Anne Karpf,11,0,0,0,0,0,0,Kreisläufer,home
Spieltag 2,30086,TV Möglingen,Sarah Klatte,15,3,0,0,0,0,0,Linksaußen,home
Spieltag 2,30086,TV Möglingen,Franziska Kirsch,21,2,0,0,0,0,0,Linksaußen,home
Spieltag 2,30086,TV Möglingen,Jasmin Schweizer,22,0,0,0,0,0,0,Torwart,home
Spieltag 2,30086,TV Möglingen,Sophie Kübler,24,3,0,0,0,0,0,Rückraum Mitte,home
Spieltag 2,30086,TV Möglingen,Marina Maric,25,2,0,0,0,1,0,Rückraum Mitte,home
Spieltag 2,30086,Sportverein Allensbach,Jennifer Grathwohl,2,0,0,0,0,0,0,Kreisläufer,away
Spieltag 2,30086,Sportverein Allensbach,Hannah Person,3,4,0,0,0,0,0,Linksaußen,away
Spieltag 2,30086,Sportverein Allensbach,Sarah Rothmund,4,1,0,0,0,0,0,Kreisläufer,away
Spieltag 2,30086,Sportverein Allensbach,Julia Willauer,5,0,0,0,0,0,0,Rückraum Links,away
Spieltag 2,30086,Sportverein Allensbach,Nadja Greinert,8,3,0,0,1,0,0,Rückraum rechts,away
Spieltag 2,30086,Sportverein Allensbach,Tabea Maier,10,10,1,0,1,1,0,Rückraum Mitte,away
Spieltag 2,30086,Sportverein Allensbach,Katharina Bok,11,1,0,0,0,0,0,Rückraum Mitte,away
Spieltag 2,30086,Sportverein Allensbach,Kimberly Gisa,13,0,0,0,1,0,0,Kreisläufer,away
Spieltag 2,30086,Sportverein Allensbach,Laura Epple,20,0,0,0,0,0,0,Linksaußen,away
Spieltag 2,30086,Sportverein Allensbach,Greta Rinkeviciute,21,5,1,0,0,0,0,Linksaußen,away
Spieltag 2,30086,Sportverein Allensbach,Katja Allgaier,44,1,0,0,0,0,0,Rückraum rechts,away
Spieltag 2,30086,Sportverein Allensbach,Leonie Scholl,63,1,0,0,0,0,0,Rückraum Links,away
Spieltag 2,30086,Sportverein Allensbach,Leonie Kuntz,71,0,0,0,0,0,0,Torwart,away
Spieltag 2,30086,Sportverein Allensbach,Laura Strosack,72,1,0,0,0,0,0,Rückraum Links,away
Spieltag 2,30086,Sportverein Allensbach,Dovile Ilciukaite,88,10,3,0,0,1,0,Rückraum Mitte,away
Spieltag 2,30086,Sportverein Allensbach,Sophie Leenen,99,0,0,0,0,0,0,Torwart,away
Spieltag 2,30089,HCD Gröbenzell,Beatice Mazzucco,2,2,0,0,0,0,0,Linksaußen,home
Spieltag 2,30089,HCD Gröbenzell,Sina Fischer,3,3,0,0,0,0,0,Rückraum Links,home
Spieltag 2,30089,HCD Gröbenzell,Kirsten Walter,21,2,0,0,0,0,0,Rückraum rechts,home
Spieltag 2,30089,HCD Gröbenzell,Katrin Friedrich,7,4,0,0,0,1,0,Rückraum Mitte,home
Spieltag 2,30089,HCD Gröbenzell,Theresa Bauer,12,0,0,0,0,0,0,Torwart,home
Spieltag 2,30089,HCD Gröbenzell,Christine Königsmann,14,3,1,0,1,1,0,Rückraum rechts,home
Spieltag 2,30089,HCD Gröbenzell,Johanna Leubner,15,1,0,0,0,1,0,Linksaußen,home
Spieltag 2,30089,HCD Gröbenzell,Ramona Nittel,17,0,0,0,1,0,0,Rechtsaußen,home
Spieltag 2,30089,HCD Gröbenzell,Verena Obermeier,19,0,0,0,0,0,0,Kreisläufer,home
Spieltag 2,30089,HCD Gröbenzell,Lisa Salvermoser,22,0,0,0,0,0,0,Linksaußen,home
Spieltag 2,30089,HCD Gröbenzell,Jana Epple,34,6,2,0,1,1,0,Rückraum Links,home
Spieltag 2,30089,HCD Gröbenzell,Lydia Sölva,89,0,0,0,0,0,0,Torwart,home
Spieltag 2,30089,HCD Gröbenzell,Anna Leiber,25,0,0,0,0,0,0,Rückraum Links,home
Spieltag 2,30089,HCD Gröbenzell,Nina Walbrunn,6,0,0,0,0,0,0,Kreisläufer,home
Spieltag 2,30089,TSV Wolfschlugen,Miriam Massong,2,2,0,0,0,0,0,Linksaußen,away
Spieltag 2,30089,TSV Wolfschlugen,Jana Lorenz,4,0,0,0,0,0,0,Rückraum Links,away
Spieltag 2,30089,TSV Wolfschlugen,Vanessa Schrag,5,0,0,0,0,0,0,Rückraum Links,away
Spieltag 2,30089,TSV Wolfschlugen,Jasmin Dirmeier,8,1,0,0,1,1,0,Kreisläufer,away
Spieltag 2,30089,TSV Wolfschlugen,Stephanie Frick,9,4,0,0,0,0,0,Linksaußen,away
Spieltag 2,30089,TSV Wolfschlugen,Antonia Amann,10,1,0,0,0,1,0,Rückraum Mitte,away
Spieltag 2,30089,TSV Wolfschlugen,Mara Seitzer,11,8,0,0,0,0,0,Rückraum rechts,away
Spieltag 2,30089,TSV Wolfschlugen,Stefanie Ege,12,0,0,0,0,0,0,Torwart,away
Spieltag 2,30089,TSV Wolfschlugen,Emmelie Beitlich,14,2,2,0,0,0,0,Rechtsaußen,away
Spieltag 2,30089,TSV Wolfschlugen,Severina Balz,18,0,0,0,0,0,0,Torwart,away
Spieltag 2,30089,TSV Wolfschlugen,Harriet Seckinger,22,0,0,0,0,0,0,Rückraum rechts,away
Spieltag 2,30089,TSV Wolfschlugen,Lenya Treusch,27,4,0,0,0,1,0,Rückraum Links,away
Spieltag 2,30089,TSV Wolfschlugen,Sara Karwounopoulos,38,0,0,0,0,0,0,Kreisläufer,away
Spieltag 2,30089,TSV Wolfschlugen,Nina Vollmer,56,2,0,0,1,0,0,Rückraum Mitte,away
Spieltag 2,30089,TSV Wolfschlugen,Sina Stumpp,66,2,0,0,0,0,0,Rückraum Mitte,away
Spieltag 2,30092,TSV Haunstetten,Patricia Horner,6,0,0,0,0,0,0,Rückraum Mitte,home
Spieltag 2,30092,TSV Haunstetten,Anja Niebert,7,0,0,0,0,0,0,Rückraum Mitte,home
Spieltag 2,30092,TSV Haunstetten,Lea Walter,8,0,0,0,0,0,0,Kreisläufer,home
Spieltag 2,30092,TSV Haunstetten,Magdalena Frey,12,0,0,0,0,0,0,Torwart,home
Spieltag 2,30092,TSV Haunstetten,Sabrina Fischer,13,0,0,0,0,0,0,Rechtsaußen,home
Spieltag 2,30092,TSV Haunstetten,Chiara Joerss,14,0,0,0,0,0,0,Rückraum Links,home
Spieltag 2,30092,TSV Haunstetten,Lena Keßler,15,0,0,0,0,0,0,Linksaußen,home
Spieltag 2,30092,TSV Haunstetten,Sarah Irmler,18,0,0,0,0,0,0,Rückraum Links,home
Spieltag 2,30092,TSV Haunstetten,Anne Hänsel,19,0,0,0,0,0,0,Rückraum rechts,home
Spieltag 2,30092,TSV Haunstetten,Mona Hoffmann,20,0,0,0,0,0,0,Rückraum rechts,home
Spieltag 2,30092,TSV Haunstetten,Daniela Knöpfle,22,0,0,0,0,0,0,Kreisläufer,home
Spieltag 2,30092,TSV Haunstetten,Anne Kurstedt,23,0,0,0,0,0,0,Rückraum Links,home
Spieltag 2,30092,TSV Haunstetten,Pauline Driske,25,0,0,0,0,0,0,Rückraum Mitte,home
Spieltag 2,30092,TSV Haunstetten,Kiara Spindler,28,0,0,0,0,0,0,Torwart,home
Spieltag 2,30092,TSV Haunstetten,Selina Schmid,94,0,0,0,0,0,0,Torwart,home
Spieltag 2,30092,ASV Dachau,Laura Cuperus,16,0,0,0,0,0,0,Torwart,away
Spieltag 2,30092,ASV Dachau,Sarah Gramenz,19,0,0,0,0,0,0,Rückraum rechts,away
Spieltag 2,30092,ASV Dachau,Annika Hangleiter,1,0,0,0,0,0,0,Torwart,away
Spieltag 2,30092,ASV Dachau,Charleen Hansen,10,0,0,0,0,0,0,Rückraum Mitte,away
Spieltag 2,30092,ASV Dachau,Cornelia Karg,17,0,0,0,0,0,0,Rückraum Mitte,away
Spieltag 2,30092,ASV Dachau,Isabel Kattner,12,0,0,0,0,0,0,Kreisläufer,away
Spieltag 2,30092,ASV Dachau,Verena Kölzer,11,0,0,0,0,0,0,Rückraum rechts,away
Spieltag 2,30092,ASV Dachau,Thedora-Bianca Necula,9,0,0,0,0,0,0,Linksaußen,away
Spieltag 2,30092,ASV Dachau,Anna Rauh,21,0,0,0,0,0,0,Rechtsaußen,away
Spieltag 2,30092,ASV Dachau,Sarah Rocher,13,0,0,0,0,0,0,Kreisläufer,away
Spieltag 2,30092,ASV Dachau,Lisa Schneider,7,0,0,0,0,0,0,Linksaußen,away
Spieltag 2,30092,ASV Dachau,Celina Schwaiger,8,0,0,0,0,0,0,Rückraum Links,away
Spieltag 2,30092,ASV Dachau,Simone Unger,6,0,0,0,0,0,0,Rechtsaußen,away
Spieltag 2,30092,ASV Dachau,Alina Watzlowik,24,0,0,0,0,0,0,Rückraum Links,away
Spieltag 2,30092,ASV Dachau,Sarah Werthmüller,22,0,0,0,0,0,0,Rechtsaußen,away
Spieltag 3,30095,TSV Haunstetten,Patricia Horner,6,6,0,0,1,0,0,Rückraum Mitte,home
Spieltag 3,30095,TSV Haunstetten,Anja Niebert,7,1,0,0,0,1,0,Rückraum Mitte,home
Spieltag 3,30095,TSV Haunstetten,Lea Walter,8,1,0,0,0,0,0,Kreisläufer,home
Spieltag 3,30095,TSV Haunstetten,Magdalena Frey,12,0,0,0,0,0,0,Torwart,home
Spieltag 3,30095,TSV Haunstetten,Sabrina Fischer,13,3,0,0,1,0,0,Rechtsaußen,home
Spieltag 3,30095,TSV Haunstetten,Chiara Joerss,14,1,0,0,0,0,0,Rückraum Links,home
Spieltag 3,30095,TSV Haunstetten,Lena Keßler,15,2,0,0,1,0,0,Linksaußen,home
Spieltag 3,30095,TSV Haunstetten,Sarah Irmler,18,12,8,0,0,0,0,Rückraum Links,home
Spieltag 3,30095,TSV Haunstetten,Anne Hänsel,19,0,0,0,0,1,0,Rückraum rechts,home
Spieltag 3,30095,TSV Haunstetten,Mona Hoffmann,20,1,0,0,0,0,0,Rückraum rechts,home
Spieltag 3,30095,TSV Haunstetten,Daniela Knöpfle,22,4,0,0,0,0,0,Kreisläufer,home
Spieltag 3,30095,TSV Haunstetten,Anne Kurstedt,23,0,0,0,0,0,0,Rückraum Links,home
Spieltag 3,30095,TSV Haunstetten,Pauline Driske,25,1,0,0,0,0,0,Rückraum Mitte,home
Spieltag 3,30095,TSV Haunstetten,Kiara Spindler,28,0,0,0,0,0,0,Torwart,home
Spieltag 3,30095,TSV Haunstetten,Selina Schmid,94,0,0,0,0,0,0,Torwart,home
Spieltag 3,30095,HCD Gröbenzell,Beatice Mazzucco,2,8,0,0,0,0,0,Linksaußen,away
Spieltag 3,30095,HCD Gröbenzell,Sina Fischer,3,2,0,0,1,0,0,Rückraum Links,away
Spieltag 3,30095,HCD Gröbenzell,Belen Gettwart,4,1,0,0,1,1,0,Kreisläufer,away
Spieltag 3,30095,HCD Gröbenzell,Kirsten Walter,21,0,0,0,0,1,0,Rückraum rechts,away
Spieltag 3,30095,HCD Gröbenzell,Katrin Friedrich,7,1,0,0,0,0,0,Rückraum Mitte,away
Spieltag 3,30095,HCD Gröbenzell,Lena Klingler,11,0,0,0,0,1,0,Specialist,away
Spieltag 3,30095,HCD Gröbenzell,Theresa Bauer,12,0,0,0,0,0,0,Torwart,away
Spieltag 3,30095,HCD Gröbenzell,Christine Königsmann,14,4,3,0,0,0,0,Rückraum rechts,away
Spieltag 3,30095,HCD Gröbenzell,Johanna Leubner,15,0,0,0,0,0,0,Linksaußen,away
Spieltag 3,30095,HCD Gröbenzell,Ramona Nittel,17,1,0,0,0,0,0,Rechtsaußen,away
Spieltag 3,30095,HCD Gröbenzell,Verena Obermeier,5,0,0,0,0,0,0,Kreisläufer,away
Spieltag 3,30095,HCD Gröbenzell,Lisa Salvermoser,22,0,0,0,0,0,0,Linksaußen,away
Spieltag 3,30095,HCD Gröbenzell,Jana Epple,34,4,2,0,0,0,0,Rückraum Links,away
Spieltag 3,30095,HCD Gröbenzell,Lydia Sölva,89,0,0,0,0,0,0,Torwart,away
Spieltag 3,30095,HCD Gröbenzell,Svenja Jänicke,19,1,0,0,0,0,0,,away
Spieltag 3,30098,TSV Wolfschlugen,Miriam Massong,2,0,0,0,1,1,0,Linksaußen,home
Spieltag 3,30098,TSV Wolfschlugen,Jana Lorenz,4,2,0,0,0,1,0,Rückraum Links,home
Spieltag 3,30098,TSV Wolfschlugen,Vanessa Schrag,5,0,0,0,0,0,0,Rückraum Links,home
Spieltag 3,30098,TSV Wolfschlugen,Jasmin Dirmeier,8,2,0,0,0,0,0,Kreisläufer,home
Spieltag 3,30098,TSV Wolfschlugen,Stephanie Frick,9,2,0,0,0,0,0,Linksaußen,home
Spieltag 3,30098,TSV Wolfschlugen,Antonia Amann,10,1,0,0,0,0,0,Rückraum Mitte,home
Spieltag 3,30098,TSV Wolfschlugen,Mara Seitzer,11,7,0,0,0,0,0,Rückraum rechts,home
Spieltag 3,30098,TSV Wolfschlugen,Stefanie Ege,12,0,0,0,0,0,0,Torwart,home
Spieltag 3,30098,TSV Wolfschlugen,Emmelie Beitlich,14,8,5,0,0,0,0,Rechtsaußen,home
Spieltag 3,30098,TSV Wolfschlugen,Melanie Kraiser,18,0,0,0,0,0,0,Torwart,home
Spieltag 3,30098,TSV Wolfschlugen,Harriet Seckinger,22,1,0,0,0,1,0,Rückraum rechts,home
Spieltag 3,30098,TSV Wolfschlugen,Lenya Treusch,27,5,0,0,1,0,0,Rückraum Links,home
Spieltag 3,30098,TSV Wolfschlugen,Sara Karwounopoulos,38,2,0,0,0,0,0,Kreisläufer,home
Spieltag 3,30098,TSV Wolfschlugen,Nina Vollmer,56,0,0,0,0,1,0,Rückraum Mitte,home
Spieltag 3,30098,TSV Wolfschlugen,Sina Stumpp,66,4,0,0,0,1,0,Rückraum Mitte,home
Spieltag 3,30098,TV Möglingen,Katharina Blum,1,0,0,0,0,0,0,Torwart,away
Spieltag 3,30098,TV Möglingen,Franziska Fischer,2,2,0,0,0,0,0,Kreisläufer,away
Spieltag 3,30098,TV Möglingen,Sophie Kübler,24,1,0,0,0,2,0,Rückraum Mitte,away
Spieltag 3,30098,TV Möglingen,Jasmina Vrgovcevic,4,0,0,0,0,0,0,Rückraum rechts,away
Spieltag 3,30098,TV Möglingen,Carina Kalmbach,9,2,0,0,1,0,0,Rückraum Mitte,away
Spieltag 3,30098,TV Möglingen,Anna Hauk,5,1,0,0,0,1,0,Rechtsaußen,away
Spieltag 3,30098,TV Möglingen,Sulamith Klein,7,12,2,0,1,0,0,Rückraum Links,away
Spieltag 3,30098,TV Möglingen,Cornelia Langenberg,10,0,0,0,0,0,0,Rechtsaußen,away
Spieltag 3,30098,TV Möglingen,Anne Karpf,11,1,0,0,0,0,0,Kreisläufer,away
Spieltag 3,30098,TV Möglingen,Sarah Klatte,15,2,0,0,0,1,0,Linksaußen,away
Spieltag 3,30098,TV Möglingen,Franziska Kirsch,21,0,0,0,0,0,0,Linksaußen,away
Spieltag 3,30098,TV Möglingen,Jasmin Schweizer,22,0,0,0,0,0,0,Torwart,away
Spieltag 3,30098,TV Möglingen,Marina Maric,25,1,0,0,0,0,0,Rückraum Mitte,away
Spieltag 3,30098,TV Möglingen,Judith Woerner,13,2,0,0,0,0,0,Rückraum rechts,away
Spieltag 3,30104,ESV 1927 Regensburg,Amelie Bayerl,23,3,0,0,1,0,0,Rückraum Mitte,home
Spieltag 3,30104,ESV 1927 Regensburg,Julia Drachsler,5,2,0,0,0,0,0,Kreisläufer,home
Spieltag 3,30104,ESV 1927 Regensburg,Anna Fuhrmann,3,4,0,0,0,0,0,Rückraum Mitte,home
Spieltag 3,30104,ESV 1927 Regensburg,Kristina Hurtova,12,0,0,0,0,0,0,Torwart,home
Spieltag 3,30104,ESV 1927 Regensburg,Annalena Kessler,14,0,0,0,0,0,0,Rechtsaußen,home
Spieltag 3,30104,ESV 1927 Regensburg,Nicole Lederer,17,0,0,0,0,0,0,Rückraum Links,home
Spieltag 3,30104,ESV 1927 Regensburg,Dorothee Mooser,4,0,0,0,0,0,0,Kreisläufer,home
Spieltag 3,30104,ESV 1927 Regensburg,Sara Mustafic,13,2,0,0,1,0,0,Kreisläufer,home
Spieltag 3,30104,ESV 1927 Regensburg,Franziska Peter,8,4,1,0,0,1,0,Rückraum rechts,home
Spieltag 3,30104,ESV 1927 Regensburg,Sophia Peter,18,0,0,0,0,0,0,Linksaußen,home
Spieltag 3,30104,ESV 1927 Regensburg,Andreea Popovici,15,0,0,0,0,0,0,Linksaußen,home
Spieltag 3,30104,ESV 1927 Regensburg,Isabell Toth,9,2,0,0,0,0,0,Rückraum Links,home
Spieltag 3,30104,ESV 1927 Regensburg,Carina Vetter,6,1,0,0,0,0,0,Rechtsaußen,home
Spieltag 3,30104,ESV 1927 Regensburg,Andrea Vlackowa,25,3,0,0,1,1,0,Rückraum rechts,home
Spieltag 3,30104,ESV 1927 Regensburg,Natascha Weber,11,4,1,0,0,0,0,Rückraum Mitte,home
Spieltag 3,30104,ESV 1927 Regensburg,Chiara Zellner,1,0,0,0,0,0,0,Torwart,home
Spieltag 3,30104,TuS Metzingen II,Meike Becker,17,1,0,0,0,0,0,Kreisläufer,away
Spieltag 3,30104,TuS Metzingen II,Ina Federschmidt,12,0,0,0,0,0,0,Torwart,away
Spieltag 3,30104,TuS Metzingen II,Jacqueline Kube,3,0,0,0,0,0,0,Kreisläufer,away
Spieltag 3,30104,TuS Metzingen II,Lisa Laux,6,0,0,0,0,0,0,Rechtsaußen,away
Spieltag 3,30104,TuS Metzingen II,Vivien Natalello,13,1,0,0,0,0,0,Kreisläufer,away
Spieltag 3,30104,TuS Metzingen II,Katarina Pandza,10,6,4,0,1,0,0,Rückraum Links,away
Spieltag 3,30104,TuS Metzingen II,Laetitia Quist,5,3,0,0,1,0,0,Rückraum rechts,away
Spieltag 3,30104,TuS Metzingen II,Ramona Rott,7,1,0,0,0,0,0,Linksaußen,away
Spieltag 3,30104,TuS Metzingen II,Lena Schmid,1,0,0,0,0,0,0,Torwart,away
Spieltag 3,30104,TuS Metzingen II,Nina Silva da Costa,16,0,0,0,0,0,0,Rechtsaußen,away
Spieltag 3,30104,TuS Metzingen II,Julia Symanzik,2,0,0,0,1,0,0,Linksaußen,away
Spieltag 3,30104,TuS Metzingen II,Saskia Wagner,11,1,0,0,0,0,0,Rückraum Mitte,away
Spieltag 3,30104,TuS Metzingen II,Meike Wurster,18,0,0,0,0,0,0,Linksaußen,away
Spieltag 3,30107,TG 88 Pforzheim,Mareike Ast,21,2,1,0,1,0,0,Kreisläufer,home
Spieltag 3,30107,TG 88 Pforzheim,Susanne Dohe,7,4,0,0,0,0,0,Rückraum rechts,home
Spieltag 3,30107,TG 88 Pforzheim,Laura Friedrich,10,1,0,0,0,0,0,Kreisläufer,home
Spieltag 3,30107,TG 88 Pforzheim,Mailyn Kaiser,86,0,0,0,0,0,0,Rückraum rechts,home
Spieltag 3,30107,TG 88 Pforzheim,Desiree Kolasinac,9,18,7,0,1,2,0,Rückraum Links,home
Spieltag 3,30107,TG 88 Pforzheim,Sarah Kraus,18,1,0,0,0,1,0,Rückraum Mitte,home
Spieltag 3,30107,TG 88 Pforzheim,Kristin Kurz,73,0,0,0,1,0,0,Linksaußen,home
Spieltag 3,30107,TG 88 Pforzheim,Larissa Maschek,5,0,0,0,0,0,0,Wing Player,home
Spieltag 3,30107,TG 88 Pforzheim,Alexandra Mischung,16,0,0,0,0,0,0,Torwart,home
Spieltag 3,30107,TG 88 Pforzheim,Arijana Pjano,8,0,0,0,0,1,0,Rückraum Links,home
Spieltag 3,30107,TG 88 Pforzheim,Nadine Sauerwald,37,0,0,0,0,0,0,Rechtsaußen,home
Spieltag 3,30107,TG 88 Pforzheim,Lisa Schwarz,12,0,0,0,0,0,0,Torwart,home
Spieltag 3,30107,TG 88 Pforzheim,Elena Sigloch,19,0,0,0,0,0,0,Rückraum Mitte,home
Spieltag 3,30107,TG 88 Pforzheim,Joana Tamara Spengler,3,1,0,0,0,0,0,Wing Player,home
Spieltag 3,30107,TG 88 Pforzheim,Milica Vlahovic,11,0,0,0,0,0,0,Rückraum Mitte,home
Spieltag 3,30107,TV Nellingen,Chiara Baur,13,4,0,0,1,0,0,Rückraum Mitte,away
Spieltag 3,30107,TV Nellingen,Benita Braune,14,0,0,0,0,0,0,Linksaußen,away
Spieltag 3,30107,TV Nellingen,Laura Dobler,6,0,0,0,0,0,0,Rechtsaußen,away
Spieltag 3,30107,TV Nellingen,Leonie Dreizler,23,4,0,0,1,1,0,Kreisläufer,away
Spieltag 3,30107,TV Nellingen,Sofia Geiß,55,0,0,0,0,0,0,Torwart,away
Spieltag 3,30107,TV Nellingen,Hanna Hojczyk,22,3,0,0,0,0,0,Rückraum Links,away
Spieltag 3,30107,TV Nellingen,Alicia Kiedaisch,5,3,0,0,0,0,0,Rückraum rechts,away
Spieltag 3,30107,TV Nellingen,Marlene Kriessler,19,7,0,0,1,1,0,Rückraum Links,away
Spieltag 3,30107,TV Nellingen,Linda Leukert,11,6,3,0,0,0,0,Rückraum Mitte,away
Spieltag 3,30107,TV Nellingen,Stephanie Lukau,97,0,0,0,0,0,0,Torwart,away
Spieltag 3,30107,TV Nellingen,Caroline Maier,47,2,1,0,0,1,0,Kreisläufer,away
Spieltag 3,30107,TV Nellingen,Leonie Strack,4,0,0,0,0,0,0,Rückraum Links,away
Spieltag 3,30107,TV Nellingen,Larissa Weiß,93,1,0,0,0,0,0,Linksaußen,away
Spieltag 3,30110,ASV Dachau,Laura Cuperus,16,0,0,0,0,0,0,Torwart,home
Spieltag 3,30110,ASV Dachau,Sarah Gramenz,19,8,4,0,1,0,0,Rückraum rechts,home
Spieltag 3,30110,ASV Dachau,Annika Hangleiter,1,0,0,0,0,0,0,Torwart,home
Spieltag 3,30110,ASV Dachau,Charleen Hansen,18,5,0,0,0,0,0,Rückraum Mitte,home
Spieltag 3,30110,ASV Dachau,Cornelia Karg,17,0,0,0,0,0,0,Rückraum Mitte,home
Spieltag 3,30110,ASV Dachau,Isabel Kattner,12,4,0,0,1,0,0,Kreisläufer,home
Spieltag 3,30110,ASV Dachau,Verena Kölzer,11,1,0,0,0,0,0,Rückraum rechts,home
Spieltag 3,30110,ASV Dachau,Thedora-Bianca Necula,9,0,0,0,0,0,0,Linksaußen,home
Spieltag 3,30110,ASV Dachau,Anna Rauh,21,2,0,0,0,0,0,Rechtsaußen,home
Spieltag 3,30110,ASV Dachau,Sarah Rocher,13,6,0,0,0,1,0,Kreisläufer,home
Spieltag 3,30110,ASV Dachau,Lisa Schneider,7,0,0,0,0,1,0,Linksaußen,home
Spieltag 3,30110,ASV Dachau,Celina Schwaiger,8,2,0,0,0,1,0,Rückraum Links,home
Spieltag 3,30110,ASV Dachau,Simone Unger,6,1,0,0,0,0,0,Rechtsaußen,home
Spieltag 3,30110,ASV Dachau,Alina Watzlowik,24,2,0,0,0,0,0,Rückraum Links,home
Spieltag 3,30110,ASV Dachau,Sarah Werthmüller,22,0,0,0,1,0,0,Rechtsaußen,home
Spieltag 3,30110,SG Kappelwindeck/Steinbach,Fitore Aliu,14,7,2,0,0,0,0,Rechtsaußen,away
Spieltag 3,30110,SG Kappelwindeck/Steinbach,Olivia Blandl,96,0,0,0,0,0,0,Torwart,away
Spieltag 3,30110,SG Kappelwindeck/Steinbach,Anna Bönte,37,1,0,0,0,1,0,Kreisläufer,away
Spieltag 3,30110,SG Kappelwindeck/Steinbach,Zoe Bürger,78,0,0,0,0,0,0,Torwart,away
Spieltag 3,30110,SG Kappelwindeck/Steinbach,Nathalie Droll,8,3,0,0,0,0,0,Rückraum Links,away
Spieltag 3,30110,SG Kappelwindeck/Steinbach,Stephanie Elies,63,0,0,0,0,0,0,Rückraum Links,away
Spieltag 3,30110,SG Kappelwindeck/Steinbach,Janina Horn,65,1,0,0,1,1,0,Kreisläufer,away
Spieltag 3,30110,SG Kappelwindeck/Steinbach,Karla Höhne,15,0,0,0,0,0,0,Specialist,away
Spieltag 3,30110,SG Kappelwindeck/Steinbach,Janina Jülg,31,3,0,0,1,0,0,Rechtsaußen,away
Spieltag 3,30110,SG Kappelwindeck/Steinbach,Nadja Kaufmann,6,3,0,0,1,0,0,Linksaußen,away
Spieltag 3,30110,SG Kappelwindeck/Steinbach,Verena Keller,59,1,0,0,0,0,0,Rückraum rechts,away
Spieltag 3,30110,SG Kappelwindeck/Steinbach,Karen Klöpfer,5,2,0,0,0,0,0,Rückraum Mitte,away
Spieltag 3,30110,SG Kappelwindeck/Steinbach,Franziska Manz,9,3,0,0,0,1,0,Rückraum Mitte,away
Spieltag 3,30110,SG Kappelwindeck/Steinbach,Franka Riedl,58,0,0,0,0,0,0,Rückraum rechts,away
Spieltag 3,30110,SG Kappelwindeck/Steinbach,Svenja Wunsch,22,0,0,0,0,0,0,Torwart,away
Spieltag 4,30113,SG Kappelwindeck/Steinbach,Fitore Aliu,14,6,0,0,1,0,0,Rechtsaußen,home
Spieltag 4,30113,SG Kappelwindeck/Steinbach,Celine Baier,28,1,0,0,0,0,0,Rückraum Links,home
Spieltag 4,30113,SG Kappelwindeck/Steinbach,Olivia Blandl,96,0,0,0,0,0,0,Torwart,home
Spieltag 4,30113,SG Kappelwindeck/Steinbach,Anna Bönte,37,1,0,0,1,0,0,Kreisläufer,home
Spieltag 4,30113,SG Kappelwindeck/Steinbach,Zoe Bürger,78,0,0,0,0,0,0,Torwart,home
Spieltag 4,30113,SG Kappelwindeck/Steinbach,Nathalie Droll,8,3,0,0,0,1,0,Rückraum Links,home
Spieltag 4,30113,SG Kappelwindeck/Steinbach,Stephanie Elies,63,2,0,0,0,0,0,Rückraum Links,home
Spieltag 4,30113,SG Kappelwindeck/Steinbach,Janina Horn,65,2,0,0,0,0,0,Kreisläufer,home
Spieltag 4,30113,SG Kappelwindeck/Steinbach,Karla Höhne,15,3,0,0,0,0,0,Specialist,home
Spieltag 4,30113,SG Kappelwindeck/Steinbach,Janina Jülg,31,1,0,0,0,0,0,Rechtsaußen,home
Spieltag 4,30113,SG Kappelwindeck/Steinbach,Nadja Kaufmann,6,7,0,0,0,0,0,Linksaußen,home
Spieltag 4,30113,SG Kappelwindeck/Steinbach,Verena Keller,59,2,0,0,0,0,0,Rückraum rechts,home
Spieltag 4,30113,SG Kappelwindeck/Steinbach,Karen Klöpfer,5,1,1,0,1,0,0,Rückraum Mitte,home
Spieltag 4,30113,SG Kappelwindeck/Steinbach,Franziska Manz,9,2,0,0,0,0,0,Kreisläufer,home
Spieltag 4,30113,SG Kappelwindeck/Steinbach,Ariane Pfundstein,61,0,0,0,0,1,0,Kreisläufer,home
Spieltag 4,30113,SG Kappelwindeck/Steinbach,Svenja Wunsch,22,0,0,0,0,0,0,Torwart,home
Spieltag 4,30113,TG 88 Pforzheim,Susanne Dohe,7,0,0,0,0,0,0,Rückraum rechts,away
Spieltag 4,30113,TG 88 Pforzheim,Laura Friedrich,10,8,0,0,1,0,0,Kreisläufer,away
Spieltag 4,30113,TG 88 Pforzheim,Desiree Kolasinac,9,9,5,0,0,1,0,Rückraum Links,away
Spieltag 4,30113,TG 88 Pforzheim,Stefanie Kurstak,86,4,0,0,1,0,0,Rückraum Mitte,away
Spieltag 4,30113,TG 88 Pforzheim,Arijana Pjano,8,0,0,0,0,1,0,Rückraum Links,away
Spieltag 4,30113,TG 88 Pforzheim,Nadine Sauerwald,37,1,0,0,1,0,0,Rechtsaußen,away
Spieltag 4,30113,TG 88 Pforzheim,Jasmin Scheid,16,0,0,0,0,0,0,Torwart,away
Spieltag 4,30113,TG 88 Pforzheim,Lisa Schwarz,12,0,0,0,0,0,0,Torwart,away
Spieltag 4,30113,TG 88 Pforzheim,Joana Tamara Spengler,3,5,0,0,0,0,0,Wing Player,away
Spieltag 4,30113,TG 88 Pforzheim,Janina Spieth,13,0,0,0,0,1,0,Rückraum Links,away
Spieltag 4,30116,TV Nellingen,Chiara Baur,13,0,0,0,0,0,0,Rückraum Mitte,home
Spieltag 4,30116,TV Nellingen,Benita Braune,14,1,0,0,0,0,0,Linksaußen,home
Spieltag 4,30116,TV Nellingen,Laura Dobler,6,3,0,0,0,0,0,Rechtsaußen,home
Spieltag 4,30116,TV Nellingen,Leonie Dreizler,23,5,1,0,0,1,0,Kreisläufer,home
Spieltag 4,30116,TV Nellingen,Sofia Geiß,55,0,0,0,0,0,0,Torwart,home
Spieltag 4,30116,TV Nellingen,Hanna Hojczyk,22,1,0,0,1,0,0,Rückraum Links,home
Spieltag 4,30116,TV Nellingen,Alicia Kiedaisch,5,0,0,0,0,0,0,Rückraum rechts,home
Spieltag 4,30116,TV Nellingen,Marlene Kriessler,19,1,0,0,1,2,0,Rückraum Links,home
Spieltag 4,30116,TV Nellingen,Linda Leukert,11,8,5,0,0,0,0,Rückraum Mitte,home
Spieltag 4,30116,TV Nellingen,Stephanie Lukau,97,0,0,0,0,0,0,Torwart,home
Spieltag 4,30116,TV Nellingen,Caroline Maier,47,2,1,0,1,1,0,Kreisläufer,home
Spieltag 4,30116,TV Nellingen,Leonie Strack,4,0,0,0,0,0,0,Rückraum Links,home
Spieltag 4,30116,ESV 1927 Regensburg,Amelie Bayerl,23,1,0,0,0,0,0,Rückraum Mitte,away
Spieltag 4,30116,ESV 1927 Regensburg,Julia Drachsler,5,0,0,0,1,2,0,Kreisläufer,away
Spieltag 4,30116,ESV 1927 Regensburg,Anna Fuhrmann,3,2,0,0,0,0,0,Rückraum Mitte,away
Spieltag 4,30116,ESV 1927 Regensburg,Kristina Hurtova,12,0,0,0,0,0,0,Torwart,away
Spieltag 4,30116,ESV 1927 Regensburg,Nicole Lederer,17,2,0,0,0,0,0,Rückraum Links,away
Spieltag 4,30116,ESV 1927 Regensburg,Dorothee Mooser,4,0,0,0,0,0,0,Kreisläufer,away
Spieltag 4,30116,ESV 1927 Regensburg,Sara Mustafic,13,2,0,0,0,0,0,Kreisläufer,away
Spieltag 4,30116,ESV 1927 Regensburg,Franziska Peter,8,7,1,0,1,0,0,Rückraum rechts,away
Spieltag 4,30116,ESV 1927 Regensburg,Nicole Schiegerl,7,1,0,0,0,0,0,Rückraum rechts,away
Spieltag 4,30116,ESV 1927 Regensburg,Isabell Toth,9,0,0,0,0,2,0,Rückraum Links,away
Spieltag 4,30116,ESV 1927 Regensburg,Carina Vetter,6,2,0,0,1,0,0,Rechtsaußen,away
Spieltag 4,30116,ESV 1927 Regensburg,Andrea Vlackowa,25,0,0,0,0,0,0,Rückraum rechts,away
Spieltag 4,30116,ESV 1927 Regensburg,Natascha Weber,11,4,1,0,0,0,0,Rückraum Mitte,away
Spieltag 4,30116,ESV 1927 Regensburg,Chiara Zellner,1,0,0,0,0,0,0,Torwart,away
Spieltag 4,30119,TuS Metzingen II,Lena Schmid,1,0,0,0,0,0,0,Torwart,home
Spieltag 4,30119,TuS Metzingen II,Julia Symanzik,2,3,0,0,0,0,0,Linksaußen,home
Spieltag 4,30119,TuS Metzingen II,Jacqueline Kube,3,0,0,0,0,0,0,Kreisläufer,home
Spieltag 4,30119,TuS Metzingen II,Laetitia Quist,5,5,0,0,1,1,0,Rückraum rechts,home
Spieltag 4,30119,TuS Metzingen II,Ronja Slawitsch,16,0,0,0,0,0,0,Rückraum Mitte,home
Spieltag 4,30119,TuS Metzingen II,Lisa Laux,6,2,0,0,0,0,0,Rechtsaußen,home
Spieltag 4,30119,TuS Metzingen II,Ramona Rott,7,1,0,0,0,0,0,Linksaußen,home
Spieltag 4,30119,TuS Metzingen II,Meike Wurster,18,0,0,0,0,0,0,Linksaußen,home
Spieltag 4,30119,TuS Metzingen II,Katarina Pandza,10,8,4,0,0,2,0,Rückraum Links,home
Spieltag 4,30119,TuS Metzingen II,Nina Silva da Costa,13,2,0,0,0,0,0,Rechtsaußen,home
Spieltag 4,30119,TuS Metzingen II,Saskia Wagner,11,4,0,0,1,0,0,Rückraum Mitte,home
Spieltag 4,30119,TuS Metzingen II,Ina Federschmidt,12,0,0,0,0,0,0,Torwart,home
Spieltag 4,30119,TuS Metzingen II,Vivien Natalello,15,0,0,0,0,0,0,Kreisläufer,home
Spieltag 4,30119,TuS Metzingen II,Rebecca Rott,14,1,0,0,1,0,0,Rückraum Mitte,home
Spieltag 4,30119,TuS Metzingen II,Meike Becker,17,0,0,0,0,0,0,Kreisläufer,home
Spieltag 4,30119,TuS Metzingen II,Svenja Hübner,8,3,0,0,0,1,0,Kreisläufer,home
Spieltag 4,30119,Sportverein Allensbach,Jennifer Grathwohl,2,0,0,0,0,0,0,Kreisläufer,away
Spieltag 4,30119,Sportverein Allensbach,Hannah Person,3,1,0,0,0,0,0,Linksaußen,away
Spieltag 4,30119,Sportverein Allensbach,Sarah Rothmund,4,3,0,0,1,1,0,Kreisläufer,away
Spieltag 4,30119,Sportverein Allensbach,Julia Willauer,5,1,0,0,0,0,0,Rückraum Links,away
Spieltag 4,30119,Sportverein Allensbach,Nadja Greinert,8,4,0,0,1,0,0,Rückraum rechts,away
Spieltag 4,30119,Sportverein Allensbach,Tabea Maier,10,7,2,0,0,1,0,Rückraum Mitte,away
Spieltag 4,30119,Sportverein Allensbach,Katharina Bok,11,1,0,0,0,0,0,Rückraum Mitte,away
Spieltag 4,30119,Sportverein Allensbach,Kimberly Gisa,13,2,0,0,0,0,0,Kreisläufer,away
Spieltag 4,30119,Sportverein Allensbach,Laura Epple,20,0,0,0,0,0,0,Linksaußen,away
Spieltag 4,30119,Sportverein Allensbach,Greta Rinkeviciute,21,2,0,0,0,0,0,Linksaußen,away
Spieltag 4,30119,Sportverein Allensbach,Katja Allgaier,44,1,0,0,0,0,0,Rückraum rechts,away
Spieltag 4,30119,Sportverein Allensbach,Leonie Scholl,17,0,0,0,1,1,0,Rückraum Links,away
Spieltag 4,30119,Sportverein Allensbach,Leonie Kuntz,71,0,0,0,0,0,0,Torwart,away
Spieltag 4,30119,Sportverein Allensbach,Laura Strosack,72,1,0,0,0,0,0,Rückraum Links,away
Spieltag 4,30119,Sportverein Allensbach,Dovile Ilciukaite,88,1,0,0,0,1,0,Rückraum Mitte,away
Spieltag 4,30119,Sportverein Allensbach,Sophie Leenen,99,0,0,0,0,0,0,Torwart,away
Spieltag 4,30125,TV Möglingen,Carina Kalmbach,9,4,2,0,0,0,0,Rückraum Mitte,home
Spieltag 4,30125,TV Möglingen,Jasmina Vrgovcevic,4,0,0,0,0,0,0,Rückraum rechts,home
Spieltag 4,30125,TV Möglingen,Katharina Blum,1,0,0,0,0,0,0,Torwart,home
Spieltag 4,30125,TV Möglingen,Franziska Fischer,2,5,0,0,0,1,0,Kreisläufer,home
Spieltag 4,30125,TV Möglingen,Anna Hauk,5,2,0,0,0,1,0,Rechtsaußen,home
Spieltag 4,30125,TV Möglingen,Sulamith Klein,7,6,0,0,1,1,0,Rückraum Links,home
Spieltag 4,30125,TV Möglingen,Cornelia Langenberg,10,0,0,0,1,0,0,Rechtsaußen,home
Spieltag 4,30125,TV Möglingen,Anne Karpf,11,0,0,0,0,0,0,Kreisläufer,home
Spieltag 4,30125,TV Möglingen,Judith Woerner,13,2,0,0,0,0,0,Rückraum rechts,home
Spieltag 4,30125,TV Möglingen,Sarah Klatte,15,4,0,0,0,0,0,Linksaußen,home
Spieltag 4,30125,TV Möglingen,Franziska Kirsch,21,0,0,0,0,0,0,Linksaußen,home
Spieltag 4,30125,TV Möglingen,Jasmin Schweizer,22,0,0,0,0,0,0,Torwart,home
Spieltag 4,30125,TV Möglingen,Sophie Kübler,24,1,0,0,0,0,0,Rückraum Mitte,home
Spieltag 4,30125,TV Möglingen,Marina Maric,25,0,0,0,0,1,0,Rückraum Mitte,home
Spieltag 4,30125,TSV Haunstetten,Patricia Horner,6,4,0,0,0,0,0,Rückraum Mitte,away
Spieltag 4,30125,TSV Haunstetten,Anja Niebert,7,0,0,0,1,0,0,Rückraum Mitte,away
Spieltag 4,30125,TSV Haunstetten,Lea Walter,8,1,0,0,1,0,0,Kreisläufer,away
Spieltag 4,30125,TSV Haunstetten,Magdalena Frey,12,0,0,0,0,0,0,Torwart,away
Spieltag 4,30125,TSV Haunstetten,Sabrina Fischer,13,1,0,0,0,1,0,Rechtsaußen,away
Spieltag 4,30125,TSV Haunstetten,Chiara Joerss,14,0,0,0,0,0,0,Rückraum Links,away
Spieltag 4,30125,TSV Haunstetten,Lena Keßler,15,3,0,0,0,2,0,Linksaußen,away
Spieltag 4,30125,TSV Haunstetten,Sarah Irmler,18,15,7,0,0,0,0,Rückraum Links,away
Spieltag 4,30125,TSV Haunstetten,Anne Hänsel,19,1,0,0,0,0,0,Rückraum rechts,away
Spieltag 4,30125,TSV Haunstetten,Mona Hoffmann,20,3,0,0,1,0,0,Rückraum rechts,away
Spieltag 4,30125,TSV Haunstetten,Daniela Knöpfle,22,1,0,0,0,0,0,Kreisläufer,away
Spieltag 4,30125,TSV Haunstetten,Anne Kurstedt,23,1,0,0,0,0,0,Rückraum Links,away
Spieltag 4,30125,TSV Haunstetten,Pauline Driske,25,0,0,0,0,0,0,Rückraum Mitte,away
Spieltag 4,30125,TSV Haunstetten,Kiara Spindler,28,0,0,0,0,0,0,Torwart,away
Spieltag 4,30125,TSV Haunstetten,Selina Schmid,94,0,0,0,0,0,0,Torwart,away
Spieltag 4,30128,HCD Gröbenzell,Beatice Mazzucco,2,3,0,0,0,0,0,Linksaußen,home
Spieltag 4,30128,HCD Gröbenzell,Sina Fischer,3,2,0,0,0,0,0,Rückraum Links,home
Spieltag 4,30128,HCD Gröbenzell,Belen Gettwart,4,1,0,0,0,0,0,Kreisläufer,home
Spieltag 4,30128,HCD Gröbenzell,Kirsten Walter,5,0,0,0,0,1,0,Rückraum rechts,home
Spieltag 4,30128,HCD Gröbenzell,Katrin Friedrich,7,0,0,0,0,0,0,Rückraum Mitte,home
Spieltag 4,30128,HCD Gröbenzell,Lena Klingler,11,4,0,0,0,0,0,Specialist,home
Spieltag 4,30128,HCD Gröbenzell,Theresa Bauer,12,0,0,0,0,0,0,Torwart,home
Spieltag 4,30128,HCD Gröbenzell,Christine Königsmann,14,4,1,0,0,1,0,Rückraum rechts,home
Spieltag 4,30128,HCD Gröbenzell,Johanna Leubner,15,0,0,0,0,0,0,Linksaußen,home
Spieltag 4,30128,HCD Gröbenzell,Ramona Nittel,17,3,0,0,0,0,0,Rechtsaußen,home
Spieltag 4,30128,HCD Gröbenzell,Svenja Jänicke,20,0,0,0,0,1,0,Rückraum Links,home
Spieltag 4,30128,HCD Gröbenzell,Verena Obermeier,19,0,0,0,0,0,0,Kreisläufer,home
Spieltag 4,30128,HCD Gröbenzell,Lisa Salvermoser,22,1,0,0,0,0,0,Linksaußen,home
Spieltag 4,30128,HCD Gröbenzell,Jana Epple,34,1,0,0,1,1,0,Rückraum Links,home
Spieltag 4,30128,HCD Gröbenzell,Lydia Sölva,89,0,0,0,0,0,0,Torwart,home
Spieltag 4,30128,HCD Gröbenzell,Chiara Rito,9,0,0,0,0,0,0,Rückraum Mitte,home
Spieltag 4,30128,ASV Dachau,Laura Cuperus,16,0,0,0,0,0,0,Torwart,away
Spieltag 4,30128,ASV Dachau,Sarah Gramenz,19,1,0,0,1,0,0,Rückraum rechts,away
Spieltag 4,30128,ASV Dachau,Annika Hangleiter,1,0,0,0,0,0,0,Torwart,away
Spieltag 4,30128,ASV Dachau,Charleen Hansen,10,0,0,0,0,0,0,Rückraum Mitte,away
Spieltag 4,30128,ASV Dachau,Cornelia Karg,17,4,0,0,1,0,0,Rückraum Mitte,away
Spieltag 4,30128,ASV Dachau,Isabel Kattner,12,1,0,0,0,2,0,Kreisläufer,away
Spieltag 4,30128,ASV Dachau,Verena Kölzer,11,4,1,0,0,0,0,Rückraum rechts,away
Spieltag 4,30128,ASV Dachau,Thedora-Bianca Necula,9,0,0,0,0,0,0,Linksaußen,away
Spieltag 4,30128,ASV Dachau,Anna Rauh,21,1,0,0,0,0,0,Rechtsaußen,away
Spieltag 4,30128,ASV Dachau,Sarah Rocher,13,1,0,0,0,0,0,Kreisläufer,away
Spieltag 4,30128,ASV Dachau,Celina Schwaiger,8,1,0,0,0,0,0,Rückraum Links,away
Spieltag 4,30128,ASV Dachau,Simone Unger,6,0,0,0,0,0,0,Rechtsaußen,away
Spieltag 4,30128,ASV Dachau,Alina Watzlowik,24,0,0,0,0,0,0,Rückraum Links,away
Spieltag 4,30128,ASV Dachau,Sarah Werthmüller,22,6,0,0,0,0,0,Rechtsaußen,away
Spieltag 5,30131,HCD Gröbenzell,Beatice Mazzucco,2,7,0,0,0,0,0,Linksaußen,home
Spieltag 5,30131,HCD Gröbenzell,Sina Fischer,3,1,0,0,0,0,0,Rückraum Links,home
Spieltag 5,30131,HCD Gröbenzell,Belen Gettwart,4,3,0,0,1,0,0,Kreisläufer,home
Spieltag 5,30131,HCD Gröbenzell,Kirsten Walter,5,0,0,0,0,1,0,Rückraum rechts,home
Spieltag 5,30131,HCD Gröbenzell,Katrin Friedrich,7,1,0,0,1,0,0,Rückraum Mitte,home
Spieltag 5,30131,HCD Gröbenzell,Lena Klingler,11,12,5,0,0,0,0,Specialist,home
Spieltag 5,30131,HCD Gröbenzell,Theresa Bauer,12,0,0,0,0,0,0,Torwart,home
Spieltag 5,30131,HCD Gröbenzell,Christine Königsmann,14,7,0,0,0,0,0,Rückraum rechts,home
Spieltag 5,30131,HCD Gröbenzell,Johanna Leubner,15,0,0,0,0,0,0,Linksaußen,home
Spieltag 5,30131,HCD Gröbenzell,Ramona Nittel,17,2,0,0,1,0,0,Rechtsaußen,home
Spieltag 5,30131,HCD Gröbenzell,Verena Obermeier,19,0,0,0,0,0,0,Kreisläufer,home
Spieltag 5,30131,HCD Gröbenzell,Lisa Salvermoser,22,0,0,0,0,0,0,Linksaußen,home
Spieltag 5,30131,HCD Gröbenzell,Jana Epple,34,0,0,0,0,0,0,Rückraum Links,home
Spieltag 5,30131,HCD Gröbenzell,Antonia Thurner,39,0,0,0,0,0,0,Torwart,home
Spieltag 5,30131,HCD Gröbenzell,Lydia Sölva,89,0,0,0,0,0,0,Torwart,home
Spieltag 5,30131,TV Möglingen,Carina Kalmbach,9,3,0,0,0,2,0,Rückraum Mitte,away
Spieltag 5,30131,TV Möglingen,Jasmina Vrgovcevic,4,0,0,0,0,0,0,Rückraum rechts,away
Spieltag 5,30131,TV Möglingen,Katharina Blum,1,0,0,0,0,0,0,Torwart,away
Spieltag 5,30131,TV Möglingen,Franziska Fischer,2,1,0,0,0,0,0,Kreisläufer,away
Spieltag 5,30131,TV Möglingen,Anna Hauk,5,0,0,0,1,0,0,Rechtsaußen,away
Spieltag 5,30131,TV Möglingen,Sulamith Klein,7,6,1,0,1,1,0,Rückraum Links,away
Spieltag 5,30131,TV Möglingen,Cornelia Langenberg,10,2,0,0,0,0,0,Rechtsaußen,away
Spieltag 5,30131,TV Möglingen,Anne Karpf,11,2,0,0,0,0,0,Kreisläufer,away
Spieltag 5,30131,TV Möglingen,Judith Woerner,13,1,0,0,0,0,0,Rückraum rechts,away
Spieltag 5,30131,TV Möglingen,Sarah Klatte,15,5,0,0,0,0,0,Linksaußen,away
Spieltag 5,30131,TV Möglingen,Franziska Kirsch,21,0,0,0,0,0,0,Linksaußen,away
Spieltag 5,30131,TV Möglingen,Jasmin Schweizer,22,0,0,0,0,0,0,Torwart,away
Spieltag 5,30131,TV Möglingen,Sophie Kübler,24,5,0,0,1,1,0,Rückraum Mitte,away
Spieltag 5,30131,TV Möglingen,Marina Maric,25,4,0,0,0,0,0,Rückraum Mitte,away
Spieltag 5,30137,TSV Wolfschlugen,Miriam Massong,2,0,0,0,0,0,0,Linksaußen,home
Spieltag 5,30137,TSV Wolfschlugen,Jana Lorenz,4,0,0,0,0,0,0,Rückraum Links,home
Spieltag 5,30137,TSV Wolfschlugen,Vanessa Schrag,5,1,0,0,0,0,0,Rückraum Links,home
Spieltag 5,30137,TSV Wolfschlugen,Jasmin Dirmeier,8,3,0,0,0,3,1,Kreisläufer,home
Spieltag 5,30137,TSV Wolfschlugen,Stephanie Frick,9,2,0,0,0,0,0,Linksaußen,home
Spieltag 5,30137,TSV Wolfschlugen,Antonia Amann,10,0,0,0,0,0,0,Rückraum Mitte,home
Spieltag 5,30137,TSV Wolfschlugen,Mara Seitzer,11,8,0,0,0,0,0,Rückraum rechts,home
Spieltag 5,30137,TSV Wolfschlugen,Stefanie Ege,12,0,0,0,0,0,0,Torwart,home
Spieltag 5,30137,TSV Wolfschlugen,Leonie Haible,13,0,0,0,0,0,0,Rückraum Links,home
Spieltag 5,30137,TSV Wolfschlugen,Emmelie Beitlich,14,7,5,0,0,1,0,Rechtsaußen,home
Spieltag 5,30137,TSV Wolfschlugen,Melanie Kraiser,18,0,0,0,0,0,0,Torwart,home
Spieltag 5,30137,TSV Wolfschlugen,Harriet Seckinger,22,1,0,0,1,1,0,Rückraum rechts,home
Spieltag 5,30137,TSV Wolfschlugen,Lenya Treusch,27,2,0,0,1,2,0,Rückraum Links,home
Spieltag 5,30137,TSV Wolfschlugen,Sara Karwounopoulos,38,0,0,0,0,1,0,Kreisläufer,home
Spieltag 5,30137,TSV Wolfschlugen,Nina Vollmer,56,2,0,0,1,1,0,Rückraum Mitte,home
Spieltag 5,30137,TSV Wolfschlugen,Sina Stumpp,66,0,0,0,0,0,0,Rückraum Mitte,home
Spieltag 5,30137,TuS Metzingen II,Lena Schmid,1,0,0,0,0,0,0,Torwart,away
Spieltag 5,30137,TuS Metzingen II,Meike Becker,17,0,0,0,0,1,0,Kreisläufer,away
Spieltag 5,30137,TuS Metzingen II,Ina Federschmidt,12,0,0,0,0,0,0,Torwart,away
Spieltag 5,30137,TuS Metzingen II,Ramona Rott,7,0,0,0,0,0,0,Linksaußen,away
Spieltag 5,30137,TuS Metzingen II,Rebecca Rott,14,3,0,0,1,0,0,Rückraum Mitte,away
Spieltag 5,30137,TuS Metzingen II,Nina Silva da Costa,13,1,0,0,0,0,0,Rechtsaußen,away
Spieltag 5,30137,TuS Metzingen II,Ronja Slawitsch,16,0,0,0,0,0,0,Rückraum Mitte,away
Spieltag 5,30137,TuS Metzingen II,Julia Symanzik,2,0,0,0,0,0,0,Linksaußen,away
Spieltag 5,30137,TuS Metzingen II,Jacqueline Kube,3,1,0,0,0,1,0,Kreisläufer,away
Spieltag 5,30137,TuS Metzingen II,Vivien Natalello,15,1,0,0,0,1,0,Kreisläufer,away
Spieltag 5,30137,TuS Metzingen II,Meike Wurster,18,0,0,0,0,0,0,Linksaußen,away
Spieltag 5,30137,TuS Metzingen II,Katarina Pandza,10,9,3,0,1,0,0,Rückraum Links,away
Spieltag 5,30137,TuS Metzingen II,Hannah Streubel,5,0,0,0,0,0,0,Rechtsaußen,away
Spieltag 5,30137,TuS Metzingen II,Saskia Wagner,11,8,0,0,1,0,0,Rückraum Mitte,away
Spieltag 5,30140,Sportverein Allensbach,Katja Allgaier,44,3,0,0,1,2,0,Rückraum rechts,home
Spieltag 5,30140,Sportverein Allensbach,Katharina Bok,11,0,0,0,0,0,0,Rückraum Mitte,home
Spieltag 5,30140,Sportverein Allensbach,Laura Epple,20,0,0,0,0,0,0,Linksaußen,home
Spieltag 5,30140,Sportverein Allensbach,Kimberly Gisa,13,0,0,0,0,0,0,Kreisläufer,home
Spieltag 5,30140,Sportverein Allensbach,Jennifer Grathwohl,2,0,0,0,0,0,0,Kreisläufer,home
Spieltag 5,30140,Sportverein Allensbach,Nadja Greinert,8,4,0,0,0,1,0,Rückraum rechts,home
Spieltag 5,30140,Sportverein Allensbach,Dovile Ilciukaite,88,3,1,0,0,1,0,Rückraum Mitte,home
Spieltag 5,30140,Sportverein Allensbach,Leonie Kuntz,71,0,0,0,0,0,0,Torwart,home
Spieltag 5,30140,Sportverein Allensbach,Sophie Leenen,99,0,0,0,0,0,0,Torwart,home
Spieltag 5,30140,Sportverein Allensbach,Tabea Maier,10,8,0,0,1,1,0,Rückraum Mitte,home
Spieltag 5,30140,Sportverein Allensbach,Hannah Person,3,5,0,0,0,0,0,Linksaußen,home
Spieltag 5,30140,Sportverein Allensbach,Greta Rinkeviciute,21,0,0,0,0,0,0,Linksaußen,home
Spieltag 5,30140,Sportverein Allensbach,Sarah Rothmund,4,4,0,0,1,2,0,Kreisläufer,home
Spieltag 5,30140,Sportverein Allensbach,Leonie Scholl,63,0,0,0,0,0,0,Rückraum Links,home
Spieltag 5,30140,Sportverein Allensbach,Laura Strosack,72,2,0,0,0,0,0,Rückraum Links,home
Spieltag 5,30140,Sportverein Allensbach,Julia Willauer,5,0,0,0,0,0,0,Rückraum Links,home
Spieltag 5,30140,TV Nellingen,Chiara Baur,13,5,1,0,0,0,0,Rückraum Mitte,away
Spieltag 5,30140,TV Nellingen,Laura Dobler,6,0,0,0,0,0,0,Rechtsaußen,away
Spieltag 5,30140,TV Nellingen,Leonie Dreizler,23,4,1,0,0,2,0,Kreisläufer,away
Spieltag 5,30140,TV Nellingen,Sofia Geiß,55,0,0,0,0,0,0,Torwart,away
Spieltag 5,30140,TV Nellingen,Hanna Hojczyk,22,2,0,0,0,0,0,Rückraum Links,away
Spieltag 5,30140,TV Nellingen,Alicia Kiedaisch,5,0,0,0,0,0,0,Rückraum rechts,away
Spieltag 5,30140,TV Nellingen,Marlene Kriessler,19,6,0,0,1,1,0,Rückraum Links,away
Spieltag 5,30140,TV Nellingen,Linda Leukert,11,8,5,0,0,1,0,Rückraum Mitte,away
Spieltag 5,30140,TV Nellingen,Stephanie Lukau,97,0,0,0,0,0,0,Torwart,away
Spieltag 5,30140,TV Nellingen,Caroline Maier,47,1,0,0,1,1,0,Kreisläufer,away
Spieltag 5,30140,TV Nellingen,Leonie Strack,4,0,0,0,0,0,0,Rückraum Links,away
Spieltag 5,30140,TV Nellingen,Larissa Weiß,93,1,0,0,0,1,0,Linksaußen,away
Spieltag 5,30143,ESV 1927 Regensburg,Julia Drachsler,5,1,0,0,0,1,0,Kreisläufer,home
Spieltag 5,30143,ESV 1927 Regensburg,Carina Vetter,6,1,0,0,0,0,0,Rechtsaußen,home
Spieltag 5,30143,ESV 1927 Regensburg,Chiara Zellner,1,0,0,0,0,0,0,Torwart,home
Spieltag 5,30143,ESV 1927 Regensburg,Anna Fuhrmann,3,5,0,0,0,0,0,Rückraum Mitte,home
Spieltag 5,30143,ESV 1927 Regensburg,Dorothee Mooser,4,0,0,0,1,0,0,Kreisläufer,home
Spieltag 5,30143,ESV 1927 Regensburg,Nicole Schiegerl,7,1,0,0,0,0,0,Rückraum rechts,home
Spieltag 5,30143,ESV 1927 Regensburg,Franziska Peter,8,7,3,0,1,0,0,Rückraum rechts,home
Spieltag 5,30143,ESV 1927 Regensburg,Natascha Weber,11,3,0,0,0,0,0,Rückraum Mitte,home
Spieltag 5,30143,ESV 1927 Regensburg,Kristina Hurtova,12,0,0,0,0,0,0,Torwart,home
Spieltag 5,30143,ESV 1927 Regensburg,Amelie Bayerl,23,3,0,0,0,0,0,Rückraum Mitte,home
Spieltag 5,30143,ESV 1927 Regensburg,Sara Mustafic,13,4,0,0,1,0,0,Kreisläufer,home
Spieltag 5,30143,ESV 1927 Regensburg,Andreea Popovici,15,0,0,0,0,0,0,Linksaußen,home
Spieltag 5,30143,ESV 1927 Regensburg,Nicole Lederer,17,1,0,0,0,0,0,Rückraum Links,home
Spieltag 5,30143,ESV 1927 Regensburg,Andrea Vlackowa,25,3,0,0,0,0,0,Rückraum rechts,home
Spieltag 5,30143,ESV 1927 Regensburg,Sophia Peter,18,1,0,0,0,0,0,Linksaußen,home
Spieltag 5,30143,ESV 1927 Regensburg,Annalena Kessler,14,0,0,0,0,0,0,Rechtsaußen,home
Spieltag 5,30143,SG Kappelwindeck/Steinbach,Karen Klöpfer,5,1,0,0,0,0,0,Rückraum Mitte,away
Spieltag 5,30143,SG Kappelwindeck/Steinbach,Nathalie Droll,8,0,0,0,0,2,0,Rückraum Links,away
Spieltag 5,30143,SG Kappelwindeck/Steinbach,Fitore Aliu,14,5,0,0,1,0,0,Rechtsaußen,away
Spieltag 5,30143,SG Kappelwindeck/Steinbach,Karla Höhne,15,9,0,0,0,0,0,Specialist,away
Spieltag 5,30143,SG Kappelwindeck/Steinbach,Svenja Wunsch,22,0,0,0,0,0,0,Torwart,away
Spieltag 5,30143,SG Kappelwindeck/Steinbach,Celine Baier,28,2,0,0,0,1,0,Rückraum Links,away
Spieltag 5,30143,SG Kappelwindeck/Steinbach,Janina Jülg,31,2,0,0,1,0,0,Rechtsaußen,away
Spieltag 5,30143,SG Kappelwindeck/Steinbach,Anna Bönte,37,1,0,0,0,0,0,Kreisläufer,away
Spieltag 5,30143,SG Kappelwindeck/Steinbach,Franka Riedl,58,0,0,0,0,0,0,Rückraum rechts,away
Spieltag 5,30143,SG Kappelwindeck/Steinbach,Verena Keller,59,0,0,0,0,0,0,Rückraum rechts,away
Spieltag 5,30143,SG Kappelwindeck/Steinbach,Stephanie Elies,63,1,0,0,0,0,0,Rückraum Links,away
Spieltag 5,30143,SG Kappelwindeck/Steinbach,Janina Horn,65,0,0,0,1,0,0,Kreisläufer,away
Spieltag 5,30143,SG Kappelwindeck/Steinbach,Olivia Blandl,96,0,0,0,0,0,0,Torwart,away
Spieltag 5,30146,ASV Dachau,Laura Cuperus,16,0,0,0,0,0,0,Torwart,home
Spieltag 5,30146,ASV Dachau,Sarah Gramenz,19,7,5,0,0,0,0,Rückraum rechts,home
Spieltag 5,30146,ASV Dachau,Annika Hangleiter,1,0,0,0,0,0,0,Torwart,home
Spieltag 5,30146,ASV Dachau,Charleen Hansen,10,0,0,0,0,0,0,Rückraum Mitte,home
Spieltag 5,30146,ASV Dachau,Cornelia Karg,17,2,0,0,0,0,0,Rückraum Mitte,home
Spieltag 5,30146,ASV Dachau,Isabel Kattner,12,3,0,0,1,0,0,Kreisläufer,home
Spieltag 5,30146,ASV Dachau,Verena Kölzer,11,5,4,0,0,0,0,Rückraum rechts,home
Spieltag 5,30146,ASV Dachau,Thedora-Bianca Necula,9,1,1,0,0,0,0,Linksaußen,home
Spieltag 5,30146,ASV Dachau,Anna Rauh,21,1,0,0,0,1,0,Rechtsaußen,home
Spieltag 5,30146,ASV Dachau,Sarah Rocher,13,1,0,0,1,1,0,Kreisläufer,home
Spieltag 5,30146,ASV Dachau,Lisa Schneider,7,0,0,0,0,0,0,Linksaußen,home
Spieltag 5,30146,ASV Dachau,Celina Schwaiger,8,0,0,0,0,0,0,Rückraum Links,home
Spieltag 5,30146,ASV Dachau,Simone Unger,6,2,0,0,0,0,0,Rechtsaußen,home
Spieltag 5,30146,ASV Dachau,Alina Watzlowik,24,2,0,0,0,0,0,Rückraum Links,home
Spieltag 5,30146,ASV Dachau,Sarah Werthmüller,22,3,0,0,1,2,0,Rechtsaußen,home
Spieltag 5,30146,TG 88 Pforzheim,Joana Tamara Spengler,3,0,0,0,0,2,0,Wing Player,away
Spieltag 5,30146,TG 88 Pforzheim,Larissa Maschek,5,0,0,0,1,0,0,Wing Player,away
Spieltag 5,30146,TG 88 Pforzheim,Susanne Dohe,7,2,0,0,0,1,0,Rückraum rechts,away
Spieltag 5,30146,TG 88 Pforzheim,Arijana Pjano,8,0,0,0,1,1,0,Rückraum Links,away
Spieltag 5,30146,TG 88 Pforzheim,Desiree Kolasinac,9,9,2,0,1,1,0,Rückraum Links,away
Spieltag 5,30146,TG 88 Pforzheim,Laura Friedrich,10,4,0,0,0,0,0,Kreisläufer,away
Spieltag 5,30146,TG 88 Pforzheim,Milica Vlahovic,11,10,1,0,0,0,0,Rückraum Mitte,away
Spieltag 5,30146,TG 88 Pforzheim,Jasmin Scheid,16,0,0,0,0,0,0,Torwart,away
Spieltag 5,30146,TG 88 Pforzheim,Sarah Kraus,18,2,0,0,0,0,0,Rückraum Mitte,away
Spieltag 5,30146,TG 88 Pforzheim,Nadine Sauerwald,37,0,0,0,0,0,0,Rechtsaußen,away
Spieltag 5,30146,TG 88 Pforzheim,Kristin Kurz,73,1,0,0,0,0,0,Linksaußen,away
Spieltag 5,30146,TG 88 Pforzheim,Nina Perkovic,86,0,0,0,0,0,0,Rückraum Links,away
Spieltag 5,30146,TG 88 Pforzheim,Janina Spieth,13,0,0,0,0,0,0,Rückraum Links,away
Spieltag 16,30332,SG Schozach-Bottwartal,Anna Asmuth,55,0,0,0,0,0,0,Rechtsaußen,home
Spieltag 16,30332,SG Schozach-Bottwartal,Saskia Benz,13,2,0,0,0,1,0,Rückraum rechts,home
Spieltag 16,30332,SG Schozach-Bottwartal,Jana Brausch,99,0,0,0,0,0,0,Torwart,home
Spieltag 16,30332,SG Schozach-Bottwartal,Tanja Brunn,10,2,0,0,0,0,0,Kreisläufer,home
Spieltag 16,30332,SG Schozach-Bottwartal,Denise Geier,11,4,0,0,1,0,0,Rückraum Links,home
Spieltag 16,30332,SG Schozach-Bottwartal,Feride Günsoy,12,0,0,0,0,0,0,Kreisläufer,home
Spieltag 16,30332,SG Schozach-Bottwartal,Trixi Hanak,6,0,0,0,0,0,0,Rückraum rechts,home
Spieltag 16,30332,SG Schozach-Bottwartal,Svenja Kaufmann,8,0,0,0,0,1,0,Rückraum Mitte,home
Spieltag 16,30332,SG Schozach-Bottwartal,Rena Keller,1,0,0,0,0,0,0,Torwart,home
Spieltag 16,30332,SG Schozach-Bottwartal,Sina Klenk,15,4,3,0,1,1,0,Rückraum rechts,home
Spieltag 16,30332,SG Schozach-Bottwartal,Tabea Kraft,91,0,0,0,0,0,0,Torwart,home
Spieltag 16,30332,SG Schozach-Bottwartal,Eva Lang,18,0,0,0,0,0,0,Linksaußen,home
Spieltag 16,30332,SG Schozach-Bottwartal,Isabel Mangold,21,0,0,0,0,0,0,Rückraum Links,home
Spieltag 16,30332,SG Schozach-Bottwartal,Theresa Müller,7,6,2,0,1,1,0,Rückraum Mitte,home
Spieltag 16,30332,SG Schozach-Bottwartal,Luisa Riek,2,1,0,0,0,2,0,Rechtsaußen,home
Spieltag 16,30332,SG Schozach-Bottwartal,Cinja Wehe,17,2,0,0,0,0,0,Kreisläufer,home
Spieltag 16,30332,TSV Haunstetten,Pauline Driske,25,0,0,0,0,0,0,Rückraum Mitte,away
Spieltag 16,30332,TSV Haunstetten,Sabrina Fischer,13,2,0,0,1,2,0,Rechtsaußen,away
Spieltag 16,30332,TSV Haunstetten,Magdalena Frey,12,0,0,0,0,0,0,Torwart,away
Spieltag 16,30332,TSV Haunstetten,Mona Hoffmann,20,3,0,0,1,1,0,Rückraum rechts,away
Spieltag 16,30332,TSV Haunstetten,Patricia Horner,6,3,0,0,0,0,0,Rückraum Mitte,away
Spieltag 16,30332,TSV Haunstetten,Anne Hänsel,19,1,0,0,0,1,0,Rückraum rechts,away
Spieltag 16,30332,TSV Haunstetten,Sarah Irmler,18,6,1,0,0,1,0,Rückraum Links,away
Spieltag 16,30332,TSV Haunstetten,Chiara Joerss,14,2,1,0,0,0,0,Rückraum Links,away
Spieltag 16,30332,TSV Haunstetten,Lena Keßler,15,2,0,0,1,0,0,Linksaußen,away
Spieltag 16,30332,TSV Haunstetten,Daniela Knöpfle,22,0,0,0,0,1,0,Kreisläufer,away
Spieltag 16,30332,TSV Haunstetten,Anne Kurstedt,23,0,0,0,0,0,0,Rückraum Links,away
Spieltag 16,30332,TSV Haunstetten,Anja Niebert,7,0,0,0,0,0,0,Rückraum Mitte,away
Spieltag 16,30332,TSV Haunstetten,Selina Schmid,94,0,0,0,0,0,0,Torwart,away
Spieltag 16,30332,TSV Haunstetten,Michelle Schäfer,17,0,0,0,0,0,0,Linksaußen,away
Spieltag 16,30332,TSV Haunstetten,Kiara Spindler,28,0,0,0,0,0,0,Torwart,away
Spieltag 16,30332,TSV Haunstetten,Lea Walter,8,3,0,0,0,0,0,Kreisläufer,away
